date,average,transactions_all,unique_addresses,total_volume,usd_volume,transactions
1/3/2009,0,1,1,0,0,1
1/4/2009,0,0,0,0,0,0
1/5/2009,0,0,0,0,0,0
1/6/2009,0,0,0,0,0,0
1/7/2009,0,0,0,0,0,0
1/8/2009,0,0,0,0,0,0
1/9/2009,0,14,14,0,0,14
1/10/2009,0,31,31,0,0,31
1/11/2009,0,106,106,0,0,106
1/12/2009,0,95,96,24,0,95
1/13/2009,0,116,117,10,0,116
1/14/2009,0,126,126,0,0,126
1/15/2009,0,136,136,414,0,136
1/16/2009,0,117,117,100,0,117
1/17/2009,0,109,109,100,0,109
1/18/2009,0,101,101,0,0,101
1/19/2009,0,120,120,150,0,120
1/20/2009,0,118,118,775,0,118
1/21/2009,0,115,115,500,0,115
1/22/2009,0,76,76,500,0,76
1/23/2009,0,68,68,150,0,68
1/24/2009,0,201,201,800,0,201
1/25/2009,0,195,195,50,0,195
1/26/2009,0,116,116,0,0,116
1/27/2009,0,105,105,1150,0,105
1/28/2009,0,103,103,0,0,103
1/29/2009,0,122,122,0,0,122
1/30/2009,0,122,122,600,0,122
1/31/2009,0,129,129,0,0,129
2/1/2009,0,118,118,1100,0,118
2/2/2009,0,127,127,0,0,127
2/3/2009,0,150,145,115,0,150
2/4/2009,0,126,129,38,0,126
2/5/2009,0,121,121,0,0,121
2/6/2009,0,129,129,0,0,129
2/7/2009,0,130,131,1150,0,130
2/8/2009,0,135,135,1000,0,135
2/9/2009,0,129,129,2200,0,129
2/10/2009,0,127,127,0,0,127
2/11/2009,0,132,132,350,0,132
2/12/2009,0,119,119,200,0,119
2/13/2009,0,124,124,0,0,124
2/14/2009,0,141,141,0,0,141
2/15/2009,0,125,125,900,0,125
2/16/2009,0,123,123,0,0,123
2/17/2009,0,119,119,1500,0,119
2/18/2009,0,124,124,0,0,124
2/19/2009,0,117,117,0,0,117
2/20/2009,0,129,129,800,0,129
2/21/2009,0,110,110,0,0,110
2/22/2009,0,125,125,1050,0,125
2/23/2009,0,107,107,0,0,107
2/24/2009,0,111,111,0,0,111
2/25/2009,0,107,107,0,0,107
2/26/2009,0,96,96,0,0,96
2/27/2009,0,123,123,0,0,123
2/28/2009,0,103,103,1800,0,103
3/1/2009,0,107,107,350,0,107
3/2/2009,0,104,104,0,0,104
3/3/2009,0,108,107,400,0,108
3/4/2009,0,106,106,0,0,106
3/5/2009,0,108,108,1200,0,108
3/6/2009,0,119,119,400,0,119
3/7/2009,0,111,111,0,0,111
3/8/2009,0,115,115,1550,0,115
3/9/2009,0,113,113,0,0,113
3/10/2009,0,105,105,0,0,105
3/11/2009,0,108,108,0,0,108
3/12/2009,0,119,119,150,0,119
3/13/2009,0,115,115,750,0,115
3/14/2009,0,116,116,0,0,116
3/15/2009,0,111,111,0,0,111
3/16/2009,0,131,131,2400,0,131
3/17/2009,0,115,115,0,0,115
3/18/2009,0,110,110,0,0,110
3/19/2009,0,124,123,700,0,124
3/20/2009,0,119,119,600,0,119
3/21/2009,0,77,77,0,0,77
3/22/2009,0,97,96,550,0,97
3/23/2009,0,132,132,0,0,132
3/24/2009,0,105,105,0,0,105
3/25/2009,0,116,116,0,0,116
3/26/2009,0,114,114,1400,0,114
3/27/2009,0,110,110,0,0,110
3/28/2009,0,122,120,1000,0,122
3/29/2009,0,112,112,0,0,112
3/30/2009,0,125,125,0,0,125
3/31/2009,0,114,114,1600,0,114
4/1/2009,0,107,107,0,0,107
4/2/2009,0,120,120,0,0,120
4/3/2009,0,113,113,0,0,113
4/4/2009,0,113,113,0,0,113
4/5/2009,0,129,129,0,0,129
4/6/2009,0,117,116,850,0,117
4/7/2009,0,99,99,0,0,99
4/8/2009,0,104,104,0,0,104
4/9/2009,0,99,99,0,0,99
4/10/2009,0,103,103,0,0,103
4/11/2009,0,123,123,350,0,123
4/12/2009,0,115,115,0,0,115
4/13/2009,0,118,119,960,0,118
4/14/2009,0,127,127,0,0,127
4/15/2009,0,112,112,0,0,112
4/16/2009,0,123,123,0,0,123
4/17/2009,0,115,115,0,0,115
4/18/2009,0,125,125,115,0,125
4/19/2009,0,121,121,450,0,121
4/20/2009,0,118,118,2250,0,118
4/21/2009,0,125,126,3500,0,125
4/22/2009,0,121,121,0,0,121
4/23/2009,0,80,80,0,0,80
4/24/2009,0,113,113,0,0,113
4/25/2009,0,122,122,0,0,122
4/26/2009,0,111,110,750,0,111
4/27/2009,0,105,105,0,0,105
4/28/2009,0,117,117,0,0,117
4/29/2009,0,123,123,0,0,123
4/30/2009,0,133,133,1000,0,133
5/1/2009,0,123,123,0,0,123
5/2/2009,0,124,125,0,0,124
5/3/2009,0,115,116,699,0,115
5/4/2009,0,125,126,50,0,125
5/5/2009,0,133,133,1500,0,133
5/6/2009,0,138,138,500,0,138
5/7/2009,0,121,121,0,0,121
5/8/2009,0,122,122,0,0,122
5/9/2009,0,91,91,0,0,91
5/10/2009,0,62,62,0,0,62
5/11/2009,0,120,121,50,0,120
5/12/2009,0,127,127,0,0,127
5/13/2009,0,117,118,51,0,117
5/14/2009,0,137,138,101,0,137
5/15/2009,0,145,146,50,0,145
5/16/2009,0,115,115,500,0,115
5/17/2009,0,125,125,0,0,125
5/18/2009,0,124,124,0,0,124
5/19/2009,0,100,100,0,0,100
5/20/2009,0,104,104,0,0,104
5/21/2009,0,89,89,0,0,89
5/22/2009,0,83,83,0,0,83
5/23/2009,0,7,7,0,0,7
5/24/2009,0,96,96,0,0,96
5/25/2009,0,112,112,0,0,112
5/26/2009,0,113,113,0,0,113
5/27/2009,0,125,125,0,0,125
5/28/2009,0,103,103,0,0,103
5/29/2009,0,108,108,3000,0,108
5/30/2009,0,103,103,0,0,103
5/31/2009,0,118,118,0,0,118
6/1/2009,0,74,75,0,0,74
6/2/2009,0,89,89,0,0,89
6/3/2009,0,98,98,0,0,98
6/4/2009,0,39,39,0,0,39
6/5/2009,0,57,57,0,0,57
6/6/2009,0,24,24,0,0,24
6/7/2009,0,4,4,0,0,4
6/8/2009,0,72,72,0,0,72
6/9/2009,0,94,94,0,0,94
6/10/2009,0,83,83,0,0,83
6/11/2009,0,93,93,0,0,93
6/12/2009,0,91,91,0,0,91
6/13/2009,0,74,74,0,0,74
6/14/2009,0,70,70,0,0,70
6/15/2009,0,82,82,0,0,82
6/16/2009,0,73,73,0,0,73
6/17/2009,0,77,77,0,0,77
6/18/2009,0,81,81,0,0,81
6/19/2009,0,87,87,0,0,87
6/20/2009,0,84,84,0,0,84
6/21/2009,0,75,75,0,0,75
6/22/2009,0,81,81,3000,0,81
6/23/2009,0,76,76,0,0,76
6/24/2009,0,87,88,125,0,87
6/25/2009,0,74,74,0,0,74
6/26/2009,0,90,90,1000,0,90
6/27/2009,0,85,85,0,0,85
6/28/2009,0,52,53,25,0,52
6/29/2009,0,76,76,0,0,76
6/30/2009,0,89,89,125,0,89
7/1/2009,0,84,84,100,0,84
7/2/2009,0,72,72,0,0,72
7/3/2009,0,84,85,10,0,84
7/4/2009,0,89,89,0,0,89
7/5/2009,0,80,80,0,0,80
7/6/2009,0,91,91,0,0,91
7/7/2009,0,63,63,0,0,63
7/8/2009,0,79,79,0,0,79
7/9/2009,0,81,81,0,0,81
7/10/2009,0,82,82,0,0,82
7/11/2009,0,84,84,0,0,84
7/12/2009,0,76,76,0,0,76
7/13/2009,0,76,76,0,0,76
7/14/2009,0,72,72,0,0,72
7/15/2009,0,46,46,0,0,46
7/16/2009,0,69,69,0,0,69
7/17/2009,0,65,65,0,0,65
7/18/2009,0,3,3,0,0,3
7/19/2009,0,52,52,0,0,52
7/20/2009,0,75,75,0,0,75
7/21/2009,0,75,76,6000,0,75
7/22/2009,0,69,69,0,0,69
7/23/2009,0,66,66,0,0,66
7/24/2009,0,75,75,0,0,75
7/25/2009,0,53,53,0,0,53
7/26/2009,0,13,13,0,0,13
7/27/2009,0,64,64,0,0,64
7/28/2009,0,44,44,0,0,44
7/29/2009,0,32,32,0,0,32
7/30/2009,0,16,17,105,0,16
7/31/2009,0,12,12,0,0,12
8/1/2009,0,23,23,0,0,23
8/2/2009,0,30,30,0,0,30
8/3/2009,0,15,15,0,0,15
8/4/2009,0,58,58,0,0,58
8/5/2009,0,91,91,0,0,91
8/6/2009,0,96,96,0,0,96
8/7/2009,0,74,74,0,0,74
8/8/2009,0,83,84,5500,0,83
8/9/2009,0,98,98,0,0,98
8/10/2009,0,82,82,0,0,82
8/11/2009,0,67,67,0,0,67
8/12/2009,0,68,68,0,0,68
8/13/2009,0,81,81,0,0,81
8/14/2009,0,65,65,0,0,65
8/15/2009,0,34,34,0,0,34
8/16/2009,0,25,25,0,0,25
8/17/2009,0,17,17,0,0,17
8/18/2009,0,9,9,0,0,9
8/19/2009,0,15,15,0,0,15
8/20/2009,0,24,24,0,0,24
8/21/2009,0,16,16,0,0,16
8/22/2009,0,8,8,0,0,8
8/23/2009,0,12,12,0,0,12
8/24/2009,0,8,8,0,0,8
8/25/2009,0,55,55,0,0,55
8/26/2009,0,42,42,0,0,42
8/27/2009,0,33,34,2300,0,33
8/28/2009,0,64,64,0,0,64
8/29/2009,0,83,83,0,0,83
8/30/2009,0,91,91,50,0,91
8/31/2009,0,95,95,300,0,95
9/1/2009,0,79,79,0,0,79
9/2/2009,0,68,68,0,0,68
9/3/2009,0,61,61,700,0,61
9/4/2009,0,63,63,0,0,63
9/5/2009,0,71,71,0,0,71
9/6/2009,0,72,72,0,0,72
9/7/2009,0,79,79,650,0,79
9/8/2009,0,66,66,0,0,66
9/9/2009,0,58,58,0,0,58
9/10/2009,0,61,61,0,0,61
9/11/2009,0,68,68,0,0,68
9/12/2009,0,71,71,0,0,71
9/13/2009,0,70,70,0,0,70
9/14/2009,0,81,81,0,0,81
9/15/2009,0,56,56,0,0,56
9/16/2009,0,59,59,1,0,59
9/17/2009,0,84,85,5000,0,84
9/18/2009,0,81,81,0,0,81
9/19/2009,0,71,71,0,0,71
9/20/2009,0,79,79,0,0,79
9/21/2009,0,74,74,0,0,74
9/22/2009,0,35,35,400,0,35
9/23/2009,0,28,28,2000,0,28
9/24/2009,0,82,82,0,0,82
9/25/2009,0,102,102,1300,0,102
9/26/2009,0,94,94,0,0,94
9/27/2009,0,90,90,800,0,90
9/28/2009,0,88,88,0,0,88
9/29/2009,0,85,85,2150,0,85
9/30/2009,0,87,87,0,0,87
10/1/2009,0,85,85,0,0,85
10/2/2009,0,76,76,500,0,76
10/3/2009,0,58,58,0,0,58
10/4/2009,0,61,61,0,0,61
10/5/2009,0,58,58,0,0,58
10/6/2009,0,43,42,200,0,43
10/7/2009,0,51,51,0,0,51
10/8/2009,0,70,70,0,0,70
10/9/2009,0,78,78,0,0,78
10/10/2009,0,77,77,0,0,77
10/11/2009,0,79,79,0,0,79
10/12/2009,0,63,63,5050,0,63
10/13/2009,0,51,51,0,0,51
10/14/2009,0,56,56,0,0,56
10/15/2009,0,85,85,0,0,85
10/16/2009,0,66,66,9700,0,66
10/17/2009,0,55,55,0,0,55
10/18/2009,0,65,65,350,0,65
10/19/2009,0,99,99,0,0,99
10/20/2009,0,111,111,0,0,111
10/21/2009,0,84,85,5000,0,84
10/22/2009,0,88,88,12850,0,88
10/23/2009,0,87,87,0,0,87
10/24/2009,0,75,75,0,0,75
10/25/2009,0,74,74,12250,0,74
10/26/2009,0,65,65,0,0,65
10/27/2009,0,67,67,13000,0,67
10/28/2009,0,64,64,0,0,64
10/29/2009,0,51,51,500,0,51
10/30/2009,0,62,62,1550,0,62
10/31/2009,0,45,45,0,0,45
11/1/2009,0,30,30,0,0,30
11/2/2009,0,33,33,0,0,33
11/3/2009,0,57,57,0,0,57
11/4/2009,0,62,62,0,0,62
11/5/2009,0,65,65,15500,0,65
11/6/2009,0,49,49,0,0,49
11/7/2009,0,76,76,0,0,76
11/8/2009,0,70,70,0,0,70
11/9/2009,0,65,65,0,0,65
11/10/2009,0,71,71,0,0,71
11/11/2009,0,78,71,18000,0,78
11/12/2009,0,70,70,0,0,70
11/13/2009,0,73,73,520,0,73
11/14/2009,0,83,83,0,0,83
11/15/2009,0,96,96,0,0,96
11/16/2009,0,100,100,0,0,100
11/17/2009,0,91,91,0,0,91
11/18/2009,0,79,79,0,0,79
11/19/2009,0,73,73,0,0,73
11/20/2009,0,84,84,44350,0,84
11/21/2009,0,77,77,0,0,77
11/22/2009,0,100,100,0,0,100
11/23/2009,0,96,96,0,0,96
11/24/2009,0,102,102,0,0,102
11/25/2009,0,85,85,0,0,85
11/26/2009,0,78,78,0,0,78
11/27/2009,0,75,75,0,0,75
11/28/2009,0,78,78,0,0,78
11/29/2009,0,58,58,0,0,58
11/30/2009,0,74,74,0,0,74
12/1/2009,0,66,66,0,0,66
12/2/2009,0,99,100,10000,0,99
12/3/2009,0,85,85,0,0,85
12/4/2009,0,49,49,0,0,49
12/5/2009,0,52,52,0,0,52
12/6/2009,0,108,109,996,0,108
12/7/2009,0,94,94,0,0,94
12/8/2009,0,121,120,1500,0,121
12/9/2009,0,104,104,2104,0,104
12/10/2009,0,106,108,21,0,106
12/11/2009,0,125,125,0,0,125
12/12/2009,0,103,102,5200,0,103
12/13/2009,0,104,104,0,0,104
12/14/2009,0,113,114,32497,0,113
12/15/2009,0,117,117,5450,0,117
12/16/2009,0,121,122,851,0,121
12/17/2009,0,163,164,201,0,163
12/18/2009,0,201,202,1,0,201
12/19/2009,0,225,225,50,0,225
12/20/2009,0,175,175,0,0,175
12/21/2009,0,188,188,50,0,188
12/22/2009,0,152,152,0,0,152
12/23/2009,0,169,169,0,0,169
12/24/2009,0,144,144,0,0,144
12/25/2009,0,158,159,1,0,158
12/26/2009,0,159,159,0,0,159
12/27/2009,0,170,170,250,0,170
12/28/2009,0,138,138,0,0,138
12/29/2009,0,164,164,0,0,164
12/30/2009,0,156,156,0,0,156
12/31/2009,0,150,150,0,0,150
1/1/2010,0,119,119,0,0,119
1/2/2010,0,132,132,100,0,132
1/3/2010,0,163,163,0,0,163
1/4/2010,0,192,193,20778,0,192
1/5/2010,0,208,208,0,0,208
1/6/2010,0,158,158,0,0,158
1/7/2010,0,159,159,0,0,159
1/8/2010,0,150,150,0,0,150
1/9/2010,0,148,148,0,0,148
1/10/2010,0,191,191,0,0,191
1/11/2010,0,154,154,0,0,154
1/12/2010,0,168,169,10749,0,168
1/13/2010,0,160,162,6,0,160
1/14/2010,0,159,160,1,0,159
1/15/2010,0,137,137,400,0,137
1/16/2010,0,135,135,201,0,135
1/17/2010,0,124,124,251,0,124
1/18/2010,0,130,130,0,0,130
1/19/2010,0,120,121,23,0,120
1/20/2010,0,140,140,0,0,140
1/21/2010,0,187,186,210,0,187
1/22/2010,0,152,151,200,0,152
1/23/2010,0,152,153,1,0,152
1/24/2010,0,148,148,54,0,148
1/25/2010,0,207,207,3275,0,207
1/26/2010,0,208,208,725,0,208
1/27/2010,0,178,178,200,0,178
1/28/2010,0,176,174,1850,0,176
1/29/2010,0,195,195,550,0,195
1/30/2010,0,183,181,800,0,183
1/31/2010,0,210,210,1650,0,210
2/1/2010,0,189,188,2700,0,189
2/2/2010,0,142,142,0,0,142
2/3/2010,0,246,244,1350,0,246
2/4/2010,0,235,236,350,0,235
2/5/2010,0,250,250,13768,0,250
2/6/2010,0,204,193,1300,0,204
2/7/2010,0,210,212,802,0,210
2/8/2010,0,221,221,7004,0,221
2/9/2010,0,211,211,200,0,211
2/10/2010,0,166,165,51000,0,166
2/11/2010,0,181,180,800,0,181
2/12/2010,0,193,194,8825,0,193
2/13/2010,0,227,226,2199,0,227
2/14/2010,0,215,214,19500,0,215
2/15/2010,0,194,194,3065,0,194
2/16/2010,0,182,185,2014,0,182
2/17/2010,0,244,241,36500,0,244
2/18/2010,0,235,234,7413,0,235
2/19/2010,0,183,185,700,0,183
2/20/2010,0,224,224,50,0,224
2/21/2010,0,218,218,1553,0,218
2/22/2010,0,261,262,19551,0,261
2/23/2010,0,252,252,50,0,252
2/24/2010,0,196,195,5300,0,196
2/25/2010,0,150,150,700,0,150
2/26/2010,0,176,176,13162,0,176
2/27/2010,0,176,176,450,0,176
2/28/2010,0,165,165,5250,0,165
3/1/2010,0,187,187,1000,0,187
3/2/2010,0,204,203,2600,0,204
3/3/2010,0,151,150,250,0,151
3/4/2010,0,187,187,10300,0,187
3/5/2010,0,178,178,19150,0,178
3/6/2010,0,188,187,23646,0,188
3/7/2010,0,178,177,7555,0,178
3/8/2010,0,141,143,9011,0,141
3/9/2010,0,149,149,4000,0,149
3/10/2010,0,152,153,1351,0,152
3/11/2010,0,154,155,4351,0,154
3/12/2010,0,119,119,250,0,119
3/13/2010,0,160,160,1900,0,160
3/14/2010,0,127,127,1550,0,127
3/15/2010,0,128,131,7,0,128
3/16/2010,0,138,138,150,0,138
3/17/2010,0,127,127,2151,0,127
3/18/2010,0,161,163,240,0,161
3/19/2010,0,144,140,8820,0,144
3/20/2010,0,203,204,3866,0,203
3/21/2010,0,191,191,1567,0,191
3/22/2010,0,186,184,2650,0,186
3/23/2010,0,215,212,3703,0,215
3/24/2010,0,187,183,1336,0,187
3/25/2010,0,197,196,24500,0,197
3/26/2010,0,213,204,2502,0,213
3/27/2010,0,182,183,4225,0,182
3/28/2010,0,198,197,1900,0,198
3/29/2010,0,205,199,3650,0,205
3/30/2010,0,217,214,550,0,217
3/31/2010,0,213,209,1050,0,213
4/1/2010,0,198,195,1473,0,198
4/2/2010,0,155,152,1400,0,155
4/3/2010,0,171,173,1672,0,171
4/4/2010,0,175,172,2107,0,175
4/5/2010,0,179,176,4210,0,179
4/6/2010,0,175,175,10305,0,175
4/7/2010,0,207,203,5499,0,207
4/8/2010,0,208,209,3238,0,208
4/9/2010,0,189,190,2410,0,189
4/10/2010,0,294,302,22838,0,294
4/11/2010,0,271,269,10413,0,271
4/12/2010,0,270,259,23619,0,270
4/13/2010,0,190,182,3277,0,190
4/14/2010,0,230,233,5149,0,230
4/15/2010,0,287,277,45814,0,287
4/16/2010,0,234,231,7691,0,234
4/17/2010,0,242,236,7856,0,242
4/18/2010,0,1337,1346,8830,0,1337
4/19/2010,0,2296,2286,9091,0,2296
4/20/2010,0,242,234,31926,0,242
4/21/2010,0,251,241,3945,0,251
4/22/2010,0,210,207,22122,0,210
4/23/2010,0,198,192,4588,0,198
4/24/2010,0,191,184,2816,0,191
4/25/2010,0,210,196,7651,0,210
4/26/2010,0,220,211,8540,0,220
4/27/2010,0,225,216,13402,0,225
4/28/2010,0,219,212,6769,0,219
4/29/2010,0,197,188,5428,0,197
4/30/2010,0,181,179,33252,0,181
5/1/2010,0,187,181,7679,0,187
5/2/2010,0,197,190,2229,0,197
5/3/2010,0,186,178,7653,0,186
5/4/2010,0,151,148,5960,0,151
5/5/2010,0,191,171,25978,0,191
5/6/2010,0,173,166,9500,0,173
5/7/2010,0,166,153,37872,0,166
5/8/2010,0,170,163,3211,0,170
5/9/2010,0,193,186,22978,0,193
5/10/2010,0,161,154,5951,0,161
5/11/2010,0,138,134,4850,0,138
5/12/2010,0,147,133,9450,0,147
5/13/2010,0,164,152,20128,0,164
5/14/2010,0,148,146,12033,0,148
5/15/2010,0,138,131,3758,0,138
5/16/2010,0,118,110,2689,0,118
5/17/2010,0,173,158,9621,0,173
5/18/2010,0,217,204,7976,0,217
5/19/2010,0,212,208,13765,0,212
5/20/2010,0,221,213,3888,0,221
5/21/2010,0,230,217,6165,0,230
5/22/2010,0,227,217,46229,0,227
5/23/2010,0,300,299,35646,0,300
5/24/2010,0,262,250,7821,0,262
5/25/2010,0,267,258,8200,0,267
5/26/2010,0,259,255,13154,0,259
5/27/2010,0,278,253,11237,0,278
5/28/2010,0,265,258,13093,0,265
5/29/2010,0,262,258,14877,0,262
5/30/2010,0,200,197,12593,0,200
5/31/2010,0,207,205,3377,0,207
6/1/2010,0,178,165,7492,0,178
6/2/2010,0,182,178,9505,0,182
6/3/2010,0,219,218,8251,0,219
6/4/2010,0,200,190,22260,0,200
6/5/2010,0,188,177,4450,0,188
6/6/2010,0,201,192,5700,0,201
6/7/2010,0,211,201,20603,0,211
6/8/2010,0,222,219,19952,0,222
6/9/2010,0,199,205,17257,0,199
6/10/2010,0,224,218,31192,0,224
6/11/2010,0,248,252,7488,0,248
6/12/2010,0,226,218,7798,0,226
6/13/2010,0,221,216,6442,0,221
6/14/2010,0,246,244,13756,0,246
6/15/2010,0,288,298,18693,0,288
6/16/2010,0,196,196,5436,0,196
6/17/2010,0,208,210,27213,0,208
6/18/2010,0,184,187,2627,0,184
6/19/2010,0,218,214,45869,0,218
6/20/2010,0,216,219,13193,0,216
6/21/2010,0,242,254,6033,0,242
6/22/2010,0,235,250,7974,0,235
6/23/2010,0,242,256,7373,0,242
6/24/2010,0,247,251,24475,0,247
6/25/2010,0,227,227,8608,0,227
6/26/2010,0,205,198,23311,0,205
6/27/2010,0,215,197,11701,0,215
6/28/2010,0,236,217,19406,0,236
6/29/2010,0,253,235,29696,0,253
6/30/2010,0,283,274,27921,0,283
7/1/2010,0,273,257,32945,0,273
7/2/2010,0,239,223,20072,0,239
7/3/2010,0,283,256,98557,0,283
7/4/2010,0,245,223,12166,0,245
7/5/2010,0,243,215,50746,0,243
7/6/2010,0,224,209,28620,0,224
7/7/2010,0,209,215,42100,0,209
7/8/2010,0,240,236,4437,0,240
7/9/2010,0,258,262,6161,0,258
7/10/2010,0,238,237,14270,0,238
7/11/2010,0,242,240,19383,0,242
7/12/2010,0,1830,2822,74014,0,1830
7/13/2010,0,1739,2122,41971,0,1739
7/14/2010,0,5659,6109,42482,0,5659
7/15/2010,0,1793,2015,55359,0,1793
7/16/2010,0,1393,1683,40352,0,1393
7/17/2010,0,462,548,29286,0,462
7/18/2010,0,427,549,24704,0,427
7/19/2010,0,487,606,34326,0,487
7/20/2010,0,627,757,13891,0,627
7/21/2010,0,465,536,18803,0,465
7/22/2010,0,428,498,23458,0,428
7/23/2010,0,392,464,15656,0,392
7/24/2010,0,374,450,28599,0,374
7/25/2010,0,2337,2173,20083,0,2337
7/26/2010,0,468,522,27157,0,468
7/27/2010,0,445,551,63497,0,445
7/28/2010,0,342,413,24087,0,342
7/29/2010,0,3455,393,56599,0,3455
7/30/2010,0,362,420,23813,0,362
7/31/2010,0,295,348,15079,0,295
8/1/2010,0,324,373,11178,0,324
8/2/2010,0,413,456,14020,0,413
8/3/2010,0,623,668,16547,0,623
8/4/2010,0,375,421,27509,0,375
8/5/2010,0,604,787,18402,0,604
8/6/2010,0,368,418,16385,0,368
8/7/2010,0,287,334,15056,0,287
8/8/2010,0,323,365,11277,0,323
8/9/2010,0,423,461,25114,0,423
8/10/2010,0,402,467,54669,0,402
8/11/2010,0,384,425,43379,0,384
8/12/2010,0,407,462,22687,0,407
8/13/2010,0,508,600,21943,0,508
8/14/2010,0,424,450,11587,0,424
8/15/2010,0,423,402,13369,0,423
8/16/2010,0,318,387,18336,0,318
8/17/2010,0.0769,352,393,48276,3712,352
8/18/2010,0.074,377,449,35791,2649,377
8/19/2010,0.0688,368,395,13756,946,368
8/20/2010,0.0667,398,433,21143,1410,398
8/21/2010,0.066899,348,396,17456,1168,348
8/22/2010,0.0664,350,358,29971,1990,350
8/23/2010,0.066,389,431,11325,747,389
8/24/2010,0.066889,337,393,11639,779,337
8/25/2010,0.0665,396,414,7927,527,396
8/26/2010,0.066499,374,391,18406,1224,374
8/27/2010,0.065,291,316,9867,641,291
8/28/2010,0.065,348,393,24297,1579,348
8/29/2010,0.0648,268,300,10183,660,268
8/30/2010,0.069,288,335,12242,845,288
8/31/2010,0.06497,465,462,36148,2349,465
9/1/2010,0.0649,408,459,10608,688,408
9/2/2010,0.0629,308,340,17917,1127,308
9/3/2010,0.0634,314,363,27623,1751,314
9/4/2010,0.0613,286,313,31088,1906,286
9/5/2010,0.0629,303,351,13704,862,303
9/6/2010,0.064,298,326,38581,2469,298
9/7/2010,0.06185,271,284,21773,1347,271
9/8/2010,0.06201,292,332,12730,789,292
9/9/2010,0.0624,343,383,16263,1015,343
9/10/2010,0.06201,378,410,10471,649,378
9/11/2010,0.062,296,328,8960,556,296
9/12/2010,0.064999,350,392,14410,937,350
9/13/2010,0.06201,436,489,22765,1412,436
9/14/2010,0.0641,437,492,21753,1394,437
9/15/2010,0.175,450,491,27312,4780,450
9/16/2010,0.0619,380,385,20542,1272,380
9/17/2010,0.0609,379,382,29419,1792,379
9/18/2010,0.0609,431,445,64511,3929,431
9/19/2010,0.062599,339,379,47333,2963,339
9/20/2010,0.0634,422,469,37079,2351,422
9/21/2010,0.0633,636,743,19532,1236,636
9/22/2010,0.0628,799,999,29221,1835,799
9/23/2010,0.063,698,801,52468,3306,698
9/24/2010,0.06281,558,631,33287,2091,558
9/25/2010,0.0624,451,499,17081,1066,451
9/26/2010,0.062279,454,493,17937,1117,454
9/27/2010,0.062206,639,753,23224,1445,639
9/28/2010,0.06271,467,453,36393,2282,467
9/29/2010,0.06219,998,1000,75030,4666,998
9/30/2010,0.06192,358,427,23113,1431,358
10/1/2010,0.061999,563,664,37900,2350,563
10/2/2010,0.061999,501,609,26603,1649,501
10/3/2010,0.0614,401,501,308807,18961,401
10/4/2010,0.062,414,525,52756,3271,414
10/5/2010,0.06301,353,471,102992,6490,353
10/6/2010,0.0633,408,493,47798,3026,408
10/7/2010,0.0638,370,443,113361,7232,370
10/8/2010,0.088,343,421,141197,12425,343
10/9/2010,0.12001,382,468,119618,14355,382
10/10/2010,0.12,373,460,100796,12096,373
10/11/2010,0.1301,348,443,44629,5806,348
10/12/2010,0.099,361,439,53705,5317,361
10/13/2010,0.095,350,446,20565,1954,350
10/14/2010,0.105,376,459,54510,5724,376
10/15/2010,0.119,333,407,61040,7264,333
10/16/2010,0.109,412,493,88694,9668,412
10/17/2010,0.1045,485,579,42958,4489,485
10/18/2010,0.103,517,623,35804,3688,517
10/19/2010,0.1024,964,1240,26563,2720,964
10/20/2010,0.103,693,914,53581,5519,693
10/21/2010,0.109,602,745,61704,6726,602
10/22/2010,0.107,495,645,21545,2305,495
10/23/2010,0.10901,623,776,22526,2456,623
10/24/2010,0.19,473,592,62707,11914,473
10/25/2010,0.15,479,601,28663,4299,479
10/26/2010,0.19,486,620,67585,12841,486
10/27/2010,0.19,569,778,95974,18235,569
10/28/2010,0.19001,500,677,34660,6586,500
10/29/2010,0.191,466,537,84353,16111,466
10/30/2010,0.1919,444,495,53262,10221,444
10/31/2010,0.199,311,345,37864,7535,311
11/1/2010,0.1975,364,416,29308,5788,364
11/2/2010,0.1955,283,321,25460,4977,283
11/3/2010,0.275,334,388,24894,6846,334
11/4/2010,0.23601,339,378,121157,28594,339
11/5/2010,0.2399,416,458,34158,8195,416
11/6/2010,0.29,389,453,97886,28387,389
11/7/2010,0.499999,445,487,48507,24253,445
11/8/2010,0.37,498,544,362333,134063,498
11/9/2010,0.3368,458,509,76779,25859,458
11/10/2010,0.2667,372,416,23186,6184,372
11/11/2010,0.24,429,477,23965,5752,429
11/12/2010,0.251,296,333,12168,3054,296
11/13/2010,0.3,333,358,22213,6664,333
11/14/2010,0.299,399,442,18968,5671,399
11/15/2010,0.2828,1855,1882,34712,9817,1855
11/16/2010,0.2827,12087,5349,62913,17785,12087
11/17/2010,0.28,463,540,29748,8329,463
11/18/2010,0.289999,434,486,19312,5600,434
11/19/2010,0.283,7731,404,22933,6490,7731
11/20/2010,0.289,12322,610,44336,12813,12322
11/21/2010,0.29,10378,520,40694,11801,10378
11/22/2010,0.282,395,499,14892,4200,395
11/23/2010,0.2879,338,408,26813,7719,338
11/24/2010,0.28299,2749,610,28430,8045,2749
11/25/2010,0.28299,5883,641,35493,10044,5883
11/26/2010,0.289,1542,889,85229,24631,1542
11/27/2010,0.284399,490,630,14023,3988,490
11/28/2010,0.28461,457,553,17779,5060,457
11/29/2010,0.279,435,514,14877,4151,435
11/30/2010,0.275,455,565,37503,10313,455
12/1/2010,0.225,505,700,57641,12969,505
12/2/2010,0.25,472,586,49189,12297,472
12/3/2010,0.2553,411,510,22943,5857,411
12/4/2010,0.2589,402,515,43158,11174,402
12/5/2010,0.235,436,546,20058,4714,436
12/6/2010,0.225,447,540,68458,15403,447
12/7/2010,0.226,548,709,35807,8092,548
12/8/2010,0.2477,537,686,32359,8015,537
12/9/2010,0.2388,516,639,21406,5112,516
12/10/2010,0.204,382,514,16465,3359,382
12/11/2010,0.2275,504,773,35052,7974,504
12/12/2010,0.228,564,832,11573,2639,564
12/13/2010,0.22748,723,1116,61238,13930,723
12/14/2010,0.23,683,978,35810,8236,683
12/15/2010,0.2468,610,841,28533,7042,610
12/16/2010,0.2459,523,700,19227,4728,523
12/17/2010,0.255,503,654,15390,3925,503
12/18/2010,0.249,466,603,27822,6928,466
12/19/2010,0.2499,547,775,49844,12456,547
12/20/2010,0.275,934,1100,9947,2735,934
12/21/2010,0.26909,616,828,25471,6854,616
12/22/2010,0.267,634,875,52973,14144,634
12/23/2010,0.25,552,860,12081,3020,552
12/24/2010,0.25,578,788,8306,2077,578
12/25/2010,0.25,555,793,16699,4175,555
12/26/2010,0.269999,650,946,6221,1680,650
12/27/2010,0.265,507,678,36631,9707,507
12/28/2010,0.28,584,772,32108,8990,584
12/29/2010,0.301,641,848,39442,11872,641
12/30/2010,0.299999,542,730,24101,7230,542
12/31/2010,0.299999,579,768,15190,4557,579
1/1/2011,0.299998,594,775,14165,4249,594
1/2/2011,0.299996,593,779,16549,4965,593
1/3/2011,0.299998,853,956,16147,4844,853
1/4/2011,0.299899,1242,943,29843,8950,1242
1/5/2011,0.298998,1192,1064,15872,4746,1192
1/6/2011,0.299,850,950,16897,5052,850
1/7/2011,0.322,880,887,16471,5304,880
1/8/2011,0.322898,1392,1267,28540,9216,1392
1/9/2011,0.322998,1193,1110,15229,4919,1193
1/10/2011,0.329,1358,1209,29205,9608,1358
1/11/2011,0.329,1262,1185,33205,10925,1262
1/12/2011,0.35,1233,1084,54291,19002,1233
1/13/2011,0.405,1271,1150,30136,12205,1271
1/14/2011,0.45,1285,1134,46542,20944,1285
1/15/2011,0.4,932,1094,49149,19660,932
1/16/2011,0.4,1027,1250,14231,5692,1027
1/17/2011,0.4,816,1080,53120,21248,816
1/18/2011,0.38679,870,1200,44858,17351,870
1/19/2011,0.3401,967,1281,41823,14224,967
1/20/2011,0.3675,847,1125,39116,14375,847
1/21/2011,0.44,1047,1354,22131,9737,1047
1/22/2011,0.4299,1431,1742,30108,12943,1431
1/23/2011,0.4443,1073,1397,41308,18353,1073
1/24/2011,0.443,1334,1682,32648,14463,1334
1/25/2011,0.425,965,1282,22572,9593,965
1/26/2011,0.425,985,1192,19656,8354,985
1/27/2011,0.4174,900,1184,585044,244197,900
1/28/2011,0.45,1036,1329,168850,75983,1036
1/29/2011,0.446,1290,1642,20243,9028,1290
1/30/2011,0.48,2203,2494,14816,7112,2203
1/31/2011,0.5,1815,2162,22125,11063,1815
2/1/2011,0.95,985,1311,65952,62654,985
2/2/2011,0.840099,1004,1283,83347,70019,1004
2/3/2011,0.75,777,975,37980,28485,777
2/4/2011,0.88,918,1134,26818,23600,918
2/5/2011,0.9167,887,1094,47336,43393,887
2/6/2011,0.92,857,1060,24206,22269,857
2/7/2011,0.90585,911,1094,117154,106124,911
2/8/2011,0.9,842,1053,29709,26738,842
2/9/2011,0.935,1033,1387,27157,25392,1033
2/10/2011,1.1,1866,2797,65974,72572,1866
2/11/2011,1.0065,2433,3757,44865,45157,2433
2/12/2011,1.0899,1903,2918,33819,36859,1903
2/13/2011,1.08,1841,2608,20222,21840,1841
2/14/2011,1.08,1978,2838,26912,29065,1978
2/15/2011,1.085,2267,3046,49798,54031,2267
2/16/2011,1.05019,2062,2466,29042,30500,2062
2/17/2011,1.05019,2255,3096,15136,15895,2255
2/18/2011,1.05019,2086,3034,29197,30662,2086
2/19/2011,1.02,1773,2542,39425,40214,1773
2/20/2011,0.954896,1698,2492,30970,29573,1698
2/21/2011,0.8796,1969,2857,27628,24302,1969
2/22/2011,0.869499,2152,3143,31476,27368,2152
2/23/2011,0.95,2394,3480,27635,26253,2394
2/24/2011,0.9499,1957,2847,32620,30986,1957
2/25/2011,1,2134,3067,31889,31889,2134
2/26/2011,0.988567,1964,2901,52964,52359,1964
2/27/2011,0.96,2261,3198,81308,78056,2261
2/28/2011,0.949231,1932,2706,25477,24184,1932
3/1/2011,0.97,1660,2494,245575,238207,1660
3/2/2011,0.9498,2974,4755,102167,97038,2974
3/3/2011,0.94,3002,4099,95765,90019,3002
3/4/2011,0.9392,2119,2996,42351,39776,2119
3/5/2011,0.918901,1946,2839,25239,23192,1946
3/6/2011,0.910445,1918,2750,44242,40280,1918
3/7/2011,0.909,2120,2990,37530,34115,2120
3/8/2011,0.9072,2530,3547,41558,37702,2530
3/9/2011,0.883751,1787,2833,101936,90086,1787
3/10/2011,0.87,1491,2388,133197,115881,1491
3/11/2011,0.9329,2107,2834,104570,97554,2107
3/12/2011,0.9197,2812,2600,65700,60424,2812
3/13/2011,0.9196,2475,2494,56110,51598,2475
3/14/2011,0.9,2981,2388,138121,124309,2981
3/15/2011,0.899885,2499,2660,81372,73225,2499
3/16/2011,0.89,3237,2581,69316,61691,3237
3/17/2011,0.88,3188,2663,87744,77214,3188
3/18/2011,0.850617,2759,2802,68006,57847,2759
3/19/2011,0.824,3114,2697,62606,51587,3114
3/20/2011,0.79,2674,2378,44225,34938,2674
3/21/2011,0.7883,7322,5496,56973,44912,7322
3/22/2011,0.799646,2301,3504,79382,63477,2301
3/23/2011,0.85,4368,5598,76069,64659,4368
3/24/2011,0.9,2218,3802,109095,98185,2218
3/25/2011,0.89,2087,3624,78856,70182,2087
3/26/2011,0.905,2987,3808,112312,101642,2987
3/27/2011,0.8958,2272,3565,64329,57626,2272
3/28/2011,0.8575,3420,5102,66894,57362,3420
3/29/2011,0.8,2915,4182,54311,43449,2915
3/30/2011,0.795,1625,2870,54561,43376,1625
3/31/2011,0.80098,2206,3692,62342,49935,2206
4/1/2011,0.79997,1573,2785,47904,38322,1573
4/2/2011,0.79697,1804,2915,33123,26398,1804
4/3/2011,0.7998,1603,2708,56526,45209,1603
4/4/2011,0.79,2327,3887,49865,39393,2327
4/5/2011,0.71,2272,3741,64725,45955,2272
4/6/2011,0.747844,1768,3149,36643,27403,1768
4/7/2011,0.7677,1842,3057,67732,51998,1842
4/8/2011,0.799,1700,2897,49910,39878,1700
4/9/2011,0.7676,1749,3078,62897,48280,1749
4/10/2011,0.758899,1653,2843,48990,37178,1653
4/11/2011,0.781,1879,3040,46477,36299,1879
4/12/2011,0.897,2019,3398,77504,69521,2019
4/13/2011,1,2480,3759,74439,74439,2480
4/14/2011,0.94,2968,5390,48707,45784,2968
4/15/2011,1.08999,2001,3050,91834,100098,2001
4/16/2011,1.095,1980,3115,139197,152420,1980
4/17/2011,1.085,2320,3531,719605,780771,2320
4/18/2011,1.1999,2711,3997,72965,87551,2711
4/19/2011,1.19,3567,5118,161065,2000468,3567
4/20/2011,1.1979,3173,4676,674834,808384,3173
4/21/2011,1.1979,1912,3310,61429,73586,1912
4/22/2011,1.332,2262,3723,135533,180531,2262
4/23/2011,1.549,2100,3399,82849,128333,2100
4/24/2011,1.95,2496,4082,83009,161867,2496
4/25/2011,1.701,2516,4110,44931,76427,2516
4/26/2011,1.73,2753,4431,63927,110594,2753
4/27/2011,1.95,4550,6329,53907,105119,4550
4/28/2011,2.65,3618,5619,111295,294932,3618
4/29/2011,2.7,3474,5505,203720,550045,3474
4/30/2011,4.14996,4022,6324,289771,1202538,4022
5/1/2011,4.09,4648,7135,79974,327093,4648
5/2/2011,3.495,2519,4268,61723,215720,2519
5/3/2011,3.49,3235,5240,92210,321812,3235
5/4/2011,3.58,2967,5204,184338,659930,2967
5/5/2011,3.5,3399,5773,76387,267356,3399
5/6/2011,3.5998,3249,5690,98543,354735,3249
5/7/2011,3.7,3889,6110,99882,369563,3889
5/8/2011,3.9,2777,4744,79448,309849,2777
5/9/2011,3.937,3560,6323,72603,285840,3560
5/10/2011,5.2,3147,5425,104592,543880,3147
5/11/2011,6.065,3272,5921,114243,692885,3272
5/12/2011,5.94998,2636,4914,101674,604958,2636
5/13/2011,8.45,4404,7624,324020,2737966,4404
5/14/2011,8.9,4349,7463,656162,5839842,4349
5/15/2011,8.55,3990,7124,272130,2326710,3990
5/16/2011,8.5,4160,9243,62341,529896,4160
5/17/2011,8.38901,4355,9093,138205,1159406,4355
5/18/2011,7.874,4997,9918,80290,632200,4997
5/19/2011,7.34,5131,11265,55649,408467,5131
5/20/2011,7.1,4803,9419,61492,436590,4803
5/21/2011,6.6036,4822,9193,428152,2827342,4822
5/22/2011,6.61,5447,9823,249531,1649403,5447
5/23/2011,7.45,5775,10157,88140,656643,5775
5/24/2011,7.2,5562,10691,57121,411273,5562
5/25/2011,7.51,6172,12928,75461,566716,6172
5/26/2011,9.33,6818,12180,88823,828721,6818
5/27/2011,8.92,5491,9863,348801,3111304,5491
5/28/2011,8.735,5054,9834,47743,417034,5054
5/29/2011,8.4992,4725,9270,61952,526541,4725
5/30/2011,9,4835,10010,48576,437182,4835
5/31/2011,9.4998,6203,12252,67042,636881,6203
6/1/2011,9.391,6069,11219,62936,591030,6069
6/2/2011,10.57,7157,12768,81061,856819,7157
6/3/2011,14.3,8374,14800,155241,2219953,8374
6/4/2011,17.41,8773,16750,87414,1521884,8773
6/5/2011,18.998,8161,14944,91087,1730478,8161
6/6/2011,19.23,9808,17688,108682,2089946,9808
6/7/2011,19.06,8704,15812,71549,1363724,8704
6/8/2011,31.9099,11394,20730,153860,4909663,11394
6/9/2011,31.5,12167,22272,177348,5586476,12167
6/10/2011,35,11233,21061,109826,3843920,11233
6/11/2011,30,11162,20896,154088,4622649,11162
6/12/2011,24.99,11668,21909,620400,15503803,11668
6/13/2011,24.5,12238,22918,154170,3777160,12238
6/14/2011,20.99,12602,23877,298363,6262642,12602
6/15/2011,20,14172,26175,122562,2451236,14172
6/16/2011,19.96,11777,22537,132251,2639725,11777
6/17/2011,19.3898,11548,22736,152927,2965232,11548
6/18/2011,17.2,12025,23543,116204,1998701,12025
6/19/2011,18.8766,11478,23804,112599,2125491,11478
6/20/2011,17.35,11278,23113,836861,14519535,11278
6/21/2011,15.5,9152,19981,114264,1771098,9152
6/22/2011,15.05,11810,24881,122507,1843731,11810
6/23/2011,16,10512,22014,475995,7615913,10512
6/24/2011,16.7501,11134,22763,106146,1777963,11134
6/25/2011,17.6,9517,19107,110463,1944141,9517
6/26/2011,17.51001,10298,20531,62915,1101639,10298
6/27/2011,18,11438,24689,96966,1745381,11438
6/28/2011,17.52,10892,22877,150062,2629087,10892
6/29/2011,17.3,10158,21640,78893,1364842,10158
6/30/2011,17.5,9885,20088,99849,1747351,9885
7/1/2011,17,9450,25731,101842,1731314,9450
7/2/2011,16.49,9454,31999,91032,1501123,9454
7/3/2011,15.7,7973,19140,44020,691108,7973
7/4/2011,15.85,9495,20364,60738,962698,9495
7/5/2011,15,8481,17861,86599,1298978,8481
7/6/2011,16.5,11053,23786,86477,1426877,11053
7/7/2011,16.25,9392,20579,64076,1041229,9392
7/8/2011,15.64276,8211,19803,49867,780059,8211
7/9/2011,15,8397,20921,50930,763944,8397
7/10/2011,15.68,8057,25941,51957,814691,8057
7/11/2011,15.1999,9867,20304,68593,1042605,9867
7/12/2011,14.63988,8795,20971,56751,830828,8795
7/13/2011,14.15,9575,24854,55376,783567,9575
7/14/2011,14.1,8419,25498,50253,708563,8419
7/15/2011,14.3,8630,21025,49800,712134,8630
7/16/2011,14.1,7821,21029,43349,611225,7821
7/17/2011,13.96,9110,22354,46909,654844,9110
7/18/2011,13.6901,8185,19515,187452,2566237,8185
7/19/2011,14.7,9863,23514,78884,1159599,9863
7/20/2011,14.04,8545,21109,56113,787825,8545
7/21/2011,13.9389,8608,22713,56555,788316,8608
7/22/2011,13.9389,8437,21044,57368,799642,8437
7/23/2011,13.92,8034,19698,53874,749923,8034
7/24/2011,13.979999,7866,20708,41421,579072,7866
7/25/2011,14.7399,9555,22766,69025,1017419,9555
7/26/2011,14.4,8401,21078,61760,889346,8401
7/27/2011,14.13,8329,20882,62083,877234,8329
7/28/2011,14,7818,22225,92723,1298118,7818
7/29/2011,13.8,7460,20440,81460,1124147,7460
7/30/2011,13.8,6854,18672,49809,687360,6854
7/31/2011,14.8999,7429,20480,53514,797357,7429
8/1/2011,13.5501,8032,21414,57864,784067,8032
8/2/2011,13.45,8813,19473,86516,1163645,8813
8/3/2011,13.1,8054,15703,94777,1241578,8054
8/4/2011,11.4876543,8251,15681,83388,957933,8251
8/5/2011,11.55,7308,18013,117231,1354022,7308
8/6/2011,11,7080,18171,68224,750464,7080
8/7/2011,9.8,6725,17200,130394,1277865,6725
8/8/2011,8.89,7110,18130,171236,1522290,7110
8/9/2011,12.1,8638,20864,69302,838551,8638
8/10/2011,10.7,8382,16769,59908,641011,8382
8/11/2011,10.4959,8116,16032,55274,580148,8116
8/12/2011,9.89520343,7064,14031,55909,553232,7064
8/13/2011,10.05,7386,15861,44865,450891,7386
8/14/2011,11.24,7621,19243,56161,631248,7621
8/15/2011,11.89,8347,16500,66808,794343,8347
8/16/2011,11.38,9259,16666,54361,618632,9259
8/17/2011,11.3,8128,16997,63047,712430,8128
8/18/2011,11.67,7457,18383,87101,1016465,7457
8/19/2011,11.81,7787,20161,55157,651408,7787
8/20/2011,11.798,7125,19019,46651,550394,7125
8/21/2011,11.59,7355,18708,40907,474112,7355
8/22/2011,11.501,7924,21602,56422,648910,7924
8/23/2011,11.49,7425,21892,47574,546621,7425
8/24/2011,11.4,7333,17886,65331,744776,7333
8/25/2011,10.96554,7082,18626,131799,1445247,7082
8/26/2011,10.3,7479,19914,80982,834111,7479
8/27/2011,9.11,6988,16681,130325,10297260,6988
8/28/2011,9.48,5453,16239,39104,370701,5453
8/29/2011,9.4811,7807,17103,41172,390351,7807
8/30/2011,9.15031,7846,14933,49082,449115,7846
8/31/2011,9,7280,14550,49554,445986,7280
9/1/2011,8.44934,7222,13820,56648,478641,7222
9/2/2011,8.4989,6917,13891,56115,476920,6917
9/3/2011,8.7138,6325,12731,43347,377717,6325
9/4/2011,8.593999999,6612,14161,66163,568608,6612
9/5/2011,8.467,7281,15971,80592,682371,7281
9/6/2011,7.65713,7705,15194,84364,645989,7705
9/7/2011,7.59916,7178,14446,128531,976725,7178
9/8/2011,7.31509,6481,13362,62044,453856,6481
9/9/2011,6.94,7266,13930,127883,887507,7266
9/10/2011,6.20892,6453,13186,74357,461676,6453
9/11/2011,7.4,6301,12955,73603,5650663,6301
9/12/2011,7.081,6422,12932,80030,566694,6422
9/13/2011,6.25,6564,13053,56214,351337,6564
9/14/2011,5.990000001,6515,13152,78213,468495,6515
9/15/2011,5.69,6040,11956,52444,298405,6040
9/16/2011,5.23,6042,12058,88805,464448,6042
9/17/2011,5.022,6181,12148,68373,343371,6181
9/18/2011,5,5775,11736,56328,281638,5775
9/19/2011,5.6,6272,12541,69693,390279,6272
9/20/2011,6.795,7420,18459,81908,556567,7420
9/21/2011,6.28664,8078,13872,121113,761396,8078
9/22/2011,5.83001,6808,14757,74744,435759,6808
9/23/2011,5.70653,5820,17019,56265,321076,5820
9/24/2011,5.66,6231,17662,66736,377726,6231
9/25/2011,5.5,5671,17523,53301,293153,5671
9/26/2011,5.46014,5917,17160,65547,357898,5917
9/27/2011,5.13018,6055,16854,79585,408283,6055
9/28/2011,4.989,5795,11610,65164,325105,5795
9/29/2011,4.809,5709,10806,50305,241918,5709
9/30/2011,5.35,5762,11409,60258,322381,5762
10/1/2011,5.3,5584,10969,70623,374300,5584
10/2/2011,5.16,5145,10163,54094,279125,5145
10/3/2011,5.07546,6273,11545,52570,266815,6273
10/4/2011,5.03,5316,10079,69864,351417,5316
10/5/2011,5.025,6218,12453,79500,399487,6218
10/6/2011,4.93,6004,11909,134238,661795,6004
10/7/2011,4.85,5509,11289,87797,425816,5509
10/8/2011,4.594,5604,10939,104100,478236,5604
10/9/2011,4.389,5623,10976,74440,326717,5623
10/10/2011,4.25937,5530,10553,55810,237715,5530
10/11/2011,4.14001,5846,11523,78723,325915,5846
10/12/2011,4.20612,6498,12312,70334,295833,6498
10/13/2011,4.45,4739,9294,71841,319694,4739
10/14/2011,4.11455,5676,10647,76909,316445,5676
10/15/2011,4.05,6080,11551,75300,304964,6080
10/16/2011,3.9009,4878,9706,56120,218919,4878
10/17/2011,3.75996,5593,11136,117624,442260,5593
10/18/2011,2.9,5562,10981,103352,299721,5562
10/19/2011,2.64999,4810,9684,90904,240894,4810
10/20/2011,2.42,4708,8801,124854,302146,4708
10/21/2011,2.72002,5357,10518,95345,259341,5357
10/22/2011,3.3,4820,9425,96049,316963,4820
10/23/2011,3.36,5451,10417,105599,354811,5451
10/24/2011,3.2,5919,11390,94834,303468,5919
10/25/2011,3.04,5282,10830,111223,338118,5282
10/26/2011,2.876,5307,10204,121547,349570,5307
10/27/2011,3.0499,4739,9527,77823,237352,4739
10/28/2011,3.255,5111,9752,122437,398532,5111
10/29/2011,3.82717,5826,11058,188686,722135,5826
10/30/2011,3.65026,4888,9259,79972,291917,4888
10/31/2011,3.388,4956,9725,84760,287167,4956
11/1/2011,3.35,5885,10403,126458,423635,5885
11/2/2011,3.44,5750,10673,138314,475799,5750
11/3/2011,3.299,5746,10207,114474,377651,5746
11/4/2011,3.21874,6662,11518,103368,332715,6662
11/5/2011,3.21,6575,12548,111722,358627,6575
11/6/2011,3.05,5021,9641,80316,244963,5021
11/7/2011,3.0289,5329,10269,65214,197525,5329
11/8/2011,3.21,5748,10896,117148,376046,5748
11/9/2011,3.114,6627,12174,259879,809263,6627
11/10/2011,3,6364,11557,124976,374929,6364
11/11/2011,3,5439,10074,140066,420199,5439
11/12/2011,3.11,5346,10156,78593,244425,5346
11/13/2011,3.099,5088,9589,78550,243426,5088
11/14/2011,3.03,5620,10726,123034,372793,5620
11/15/2011,2.69,6442,11798,164076,441365,6442
11/16/2011,2.6,5855,10639,144997,3652992,5855
11/17/2011,2.60031,5596,10600,257739,6702922,5596
11/18/2011,2.38998,4818,9438,276441,6874636,4818
11/19/2011,2.3,4909,8745,297237,5513644,3927
11/20/2011,2.499,4796,8068,657977,1644284,3404
11/21/2011,2.29,5044,8487,162237,2661522,3607
11/22/2011,2.35,5371,8795,167159,3917824,3999
11/23/2011,2.38,5620,8805,146873,2729557,4161
11/24/2011,2.46,5020,8310,170706,419936,3737
11/25/2011,2.56,5374,9336,177547,454521,3973
11/26/2011,2.53125,5004,8122,176376,446452,3724
11/27/2011,2.4965,4794,8141,115079,2783795,3508
11/28/2011,2.53899,5925,9939,250759,6730250,4567
11/29/2011,2.981,6529,11164,247500,6103599,5331
11/30/2011,2.959,6332,10512,427510,13988702,4830
12/1/2011,3.14,6735,11715,259820,7723835,5198
12/2/2011,3.138,6316,10589,308930,10383421,4961
12/3/2011,3.12999,5533,9426,382124,11525011,4169
12/4/2011,2.99,5290,9094,304551,9581607,3899
12/5/2011,2.93,6347,10411,483357,5518235,4689
12/6/2011,3.05,7021,11341,525066,17766452,5580
12/7/2011,3.082,7119,10988,513161,16375162,5695
12/8/2011,3.1,5787,9481,300983,12093048,4203
12/9/2011,3.039,5686,9524,370427,3556927,4090
12/10/2011,3.04,5794,9793,324851,987549,4234
12/11/2011,3.38,5240,8549,269281,910170,3694
12/12/2011,3.34237,4924,8547,323120,1079987,3475
12/13/2011,3.3,5515,9008,162446,536072,3910
12/14/2011,3.277,5125,9943,127687,418430,3602
12/15/2011,3.1933,5476,8700,141814,452855,3972
12/16/2011,3.23,5319,8365,161418,521381,3874
12/17/2011,3.23,4819,7780,132783,428890,3386
12/18/2011,3.25,4615,7873,80667,262169,3297
12/19/2011,3.70036,5200,8828,132682,490970,3845
12/20/2011,4.5,6684,10966,197252,887634,5116
12/21/2011,4.11,5667,9328,164386,675626,4158
12/22/2011,3.99199,5818,9669,105090,419517,4263
12/23/2011,3.95,5740,9685,96289,380340,4255
12/24/2011,3.9499,4676,7849,84429,333486,3302
12/25/2011,4.3897,5307,8775,66063,289996,3773
12/26/2011,4.31259,5381,9053,83490,360058,3868
12/27/2011,4.06,5571,9312,82715,335821,4149
12/28/2011,4.18888,4969,8289,93300,390823,3564
12/29/2011,4.33,5023,8731,116367,503870,3703
12/30/2011,4.3,5024,8353,84444,363108,3544
12/31/2011,4.995,5357,8668,83180,415486,3779
1/1/2012,5.2,4523,7701,168855,878045,3052
1/2/2012,5.4999,5809,9669,103335,568334,4239
1/3/2012,5.29,5544,9207,84487,446936,3966
1/4/2012,5.6063,5636,9255,118758,665796,4012
1/5/2012,6.399,6917,11542,211068,1350623,5125
1/6/2012,7.22,6361,11043,173644,1253710,5175
1/7/2012,7.01556,6211,9902,104557,733529,4186
1/8/2012,7.2,6290,10516,80489,579522,4472
1/9/2012,7.2,5999,10229,150094,1080678,4323
1/10/2012,6.89,6589,11080,107633,741592,4859
1/11/2012,7.138,7168,12031,109663,782777,5299
1/12/2012,6.997,6943,11184,79120,553600,5002
1/13/2012,6.85838999,6824,11096,171761,1178001,5197
1/14/2012,6.75,6734,10567,123925,836496,4846
1/15/2012,6.98999,6675,11200,79372,554810,4941
1/16/2012,7.18888,6685,11207,127665,917770,4816
1/17/2012,6.98,6545,11033,145102,1012812,4725
1/18/2012,6.95,7215,11962,153419,1066261,5311
1/19/2012,6.3,6464,10970,124975,787340,4664
1/20/2012,6.58,6718,11045,146398,963301,4863
1/21/2012,6.55,6771,10759,92748,607503,4714
1/22/2012,6.39,5259,8918,62236,397685,3496
1/23/2012,6.45485,5984,10161,70085,452390,4095
1/24/2012,6.515,6817,11338,96848,630962,5103
1/25/2012,6.45,8017,12942,118374,763512,6243
1/26/2012,6.2,6736,11098,130921,811708,4843
1/27/2012,5.689,6544,10852,141718,806235,4931
1/28/2012,5.74815,6095,10498,84212,484063,4323
1/29/2012,5.76,6464,10772,94613,544968,4611
1/30/2012,5.6,6019,10175,82758,463445,4139
1/31/2012,5.65,6469,11376,84150,475445,4637
2/1/2012,5.638,6900,11855,140076,789751,5071
2/2/2012,6.2,6955,12071,139333,863863,5113
2/3/2012,6.148,6943,12407,117984,725368,5156
2/4/2012,6,7597,12959,136722,820333,5774
2/5/2012,5.9625,6616,11232,110844,660909,5084
2/6/2012,5.79,6500,10914,118829,688019,4576
2/7/2012,5.70999,6799,10983,113991,650888,5090
2/8/2012,5.8494,6619,11209,102272,598229,5078
2/9/2012,5.8,7259,11806,92417,536018,5536
2/10/2012,5.92525,8642,12310,91333,541171,6905
2/11/2012,6,7624,12079,103158,618951,6032
2/12/2012,5.85,7405,11301,141274,826452,5663
2/13/2012,5.72,7514,12245,136595,781324,5857
2/14/2012,5.6,9710,14695,381705,2137549,8100
2/15/2012,4.88,9511,14215,429552,2096214,7802
2/16/2012,4.73368,9286,14299,274715,1300415,7743
2/17/2012,4.76998,7128,11991,188725,900215,5566
2/18/2012,4.49675,6676,11605,117067,526421,5024
2/19/2012,4.33333,5932,10536,81468,353030,4286
2/20/2012,4.52,6118,10712,105324,476064,4510
2/21/2012,4.4354,6348,11125,103033,456992,4767
2/22/2012,4.54,7124,12333,146255,663998,5474
2/23/2012,4.92481,7881,13080,125333,617242,6051
2/24/2012,5.19778,7203,12673,167523,870747,5558
2/25/2012,5.07,6588,11532,181916,922316,4910
2/26/2012,5.00073,5851,10278,89343,446782,4227
2/27/2012,5.1,6475,11131,91803,468194,4684
2/28/2012,5,6627,11726,117586,587931,5029
2/29/2012,4.9,6825,12087,104815,513594,5096
3/1/2012,4.98421,6713,12079,159214,793554,5123
3/2/2012,4.98888,7696,13152,233408,1164446,6031
3/3/2012,4.77995,5701,10220,158572,757965,4378
3/4/2012,4.9,6017,11319,96622,473450,4531
3/5/2012,5.04,6729,12425,88589,446488,5305
3/6/2012,5.05,6713,11913,116310,587367,4916
3/7/2012,5.07,6574,11591,110238,558907,4828
3/8/2012,5,6635,12250,97057,485287,4983
3/9/2012,4.9499,6478,11826,107066,529964,4806
3/10/2012,4.94,6054,10915,102401,505860,4443
3/11/2012,4.99,5174,9925,73297,365750,3726
3/12/2012,4.95915,5728,10385,108891,540006,4053
3/13/2012,5.41,6805,12352,135029,730504,5183
3/14/2012,5.4444,7096,12273,118761,646581,5482
3/15/2012,5.45,6577,12046,156955,855407,5130
3/16/2012,5.4,6706,11928,138815,749601,5036
3/17/2012,5.3998,7473,13116,89781,484800,5670
3/18/2012,5.37998,5745,10606,90067,484560,4248
3/19/2012,5.3099,6679,11743,115337,612429,5057
3/20/2012,4.98,6604,11698,122659,610840,4964
3/21/2012,4.87,6980,12291,146266,712315,5376
3/22/2012,4.88,6756,12360,126082,615282,5184
3/23/2012,4.83,6293,10829,127626,616434,4796
3/24/2012,4.74896,6461,11385,103797,492929,4929
3/25/2012,4.68294,6249,10821,126527,592516,4515
3/26/2012,4.73793,6469,11226,111346,527552,4874
3/27/2012,4.74,6346,11432,136448,646766,4990
3/28/2012,4.84592,7134,12371,134818,653315,5550
3/29/2012,4.86092,7526,12719,142839,694330,6073
3/30/2012,4.83,7174,12480,138699,669916,5688
3/31/2012,4.95,6286,11040,114701,567768,4799
4/1/2012,4.929,5619,9586,91777,452369,4221
4/2/2012,5.08,6086,10766,111515,566497,4676
4/3/2012,5.01,7539,13073,153329,768178,5962
4/4/2012,4.97,7479,12774,156515,777878,5980
4/5/2012,4.94486,6977,11946,167750,829501,5552
4/6/2012,4.96,7000,12300,180108,893338,5402
4/7/2012,4.98,6152,11003,108965,542647,4755
4/8/2012,4.8,6061,10863,85880,412226,4577
4/9/2012,4.8,6045,10799,258683,1241680,4610
4/10/2012,4.9,8435,13688,256832,1258479,6883
4/11/2012,4.8941,7485,13265,139353,682008,6055
4/12/2012,4.98,8513,14415,255538,1272581,6776
4/13/2012,4.94464,7549,12853,194199,960244,6243
4/14/2012,5.03,7935,13306,187669,943975,6457
4/15/2012,4.98389,7313,12285,86481,431013,5919
4/16/2012,4.98,7846,13624,163626,814859,6426
4/17/2012,5.02207,8354,14357,218911,1099386,6827
4/18/2012,5.1782,8145,13860,177576,919525,6626
4/19/2012,5.19,8023,13885,200127,1038662,6306
4/20/2012,5.17,8016,13626,222789,1151820,6559
4/21/2012,5.48,7770,14018,170294,933213,6260
4/22/2012,5.3287,6768,11561,176558,940823,5218
4/23/2012,5.21799,6845,12471,117303,612088,5246
4/24/2012,5.2,7395,12541,155892,810640,5872
4/25/2012,5.16,7746,13879,152672,787789,5710
4/26/2012,5.18,10043,14567,204850,1061121,5807
4/27/2012,5.1372,7066,12887,146061,750346,5563
4/28/2012,5.1176,7173,12306,132700,679107,5205
4/29/2012,5.0184,8050,12863,159550,800686,5279
4/30/2012,5,9064,14525,114217,571085,5775
5/1/2012,5,10070,15610,153138,765691,5971
5/2/2012,5.1789,9373,14824,154489,800085,5958
5/3/2012,5.184,12283,17151,175808,911388,6620
5/4/2012,5.15,14376,17877,142690,734851,7308
5/5/2012,5.1495,13590,16679,145963,751637,5569
5/6/2012,5.099,12416,15598,195692,997835,5356
5/7/2012,5.0947,16283,19235,175656,894914,6799
5/8/2012,5.1,17176,19674,171860,876487,6971
5/9/2012,5.09609,18865,20332,223461,1138775,6867
5/10/2012,5.125,12723,17330,234315,1200862,6220
5/11/2012,5.03188,14196,17977,226321,1138819,6403
5/12/2012,5,22055,21047,173557,867787,5585
5/13/2012,4.99888,14084,16837,142335,711517,5025
5/14/2012,5.036,28010,26853,140309,706597,7290
5/15/2012,5.09,20817,22051,225192,1146226,6778
5/16/2012,5.08998,19677,20909,187808,955937,6140
5/17/2012,5.1345,14892,17048,160677,824998,5644
5/18/2012,5.13,21758,20911,256283,1314731,6185
5/19/2012,5.14291,38132,28460,148746,764990,5210
5/20/2012,5.15,33328,25560,148099,762711,5194
5/21/2012,5.1475,29133,23727,212253,1092572,5507
5/22/2012,5.12,25323,22830,273824,1401980,6696
5/23/2012,5.16,26784,23849,210481,1086080,6445
5/24/2012,5.2324,26020,22814,152567,798292,5897
5/25/2012,5.15,29007,24436,161432,831373,6173
5/26/2012,5.149,23982,21295,143467,738713,5508
5/27/2012,5.148,22251,19795,133162,685520,4964
5/28/2012,5.16,32526,24424,149480,771315,5356
5/29/2012,5.15889,31160,26445,200435,1034024,7486
5/30/2012,5.1725,25743,23184,198600,1027259,6679
5/31/2012,5.19,20951,21952,211059,1095396,7076
6/1/2012,5.27,24713,23238,620176,3268330,6634
6/2/2012,5.279,18570,18762,187427,989428,5624
6/3/2012,5.26466,26654,22565,113586,597993,5987
6/4/2012,5.2785,44984,32189,210401,1110604,6046
6/5/2012,5.5,45318,34449,240143,1320788,7510
6/6/2012,5.47,18275,20500,194682,1064909,6893
6/7/2012,5.529,30567,26044,222169,1228371,7169
6/8/2012,5.66,26974,23625,245423,1389094,7198
6/9/2012,5.69999,31523,24654,230720,1315103,6552
6/10/2012,5.62,39328,26535,151320,850420,6307
6/11/2012,5.54545,35275,27456,176125,976694,6355
6/12/2012,5.7,20796,18916,204751,1167080,7011
6/13/2012,5.96,52040,35054,264527,1576581,7094
6/14/2012,5.95,56997,37395,180476,1073833,7589
6/15/2012,6.165,57407,39031,202779,1250130,8635
6/16/2012,6.599,49313,34580,269180,1776316,9427
6/17/2012,6.52999,40290,30521,160771,1049834,10001
6/18/2012,6.4668,39028,31363,195271,1262780,9882
6/19/2012,6.53294,38108,30103,216606,1415074,8451
6/20/2012,6.64999,33475,25912,255334,1697972,8459
6/21/2012,6.8,26501,22814,189732,1290176,8010
6/22/2012,6.79962,25550,23645,246424,1675591,8380
6/23/2012,6.65062,21659,22670,158649,1055117,8181
6/24/2012,6.5915,21880,21800,266416,1756081,7152
6/25/2012,6.44999,25985,25287,185585,1197024,9679
6/26/2012,6.4514,32547,30371,299260,1930647,13493
6/27/2012,6.55555,30636,29665,241559,1583551,14683
6/28/2012,6.66897,27315,27355,231983,1547090,12115
6/29/2012,6.662,22339,25246,148066,986414,12603
6/30/2012,6.693,23608,27258,143265,958873,13951
7/1/2012,6.694,18834,23260,100009,669463,11465
7/2/2012,6.75,25272,30158,144841,977680,15880
7/3/2012,6.765,22946,26804,279930,1893726,12607
7/4/2012,6.55,21992,24790,229932,1506056,11770
7/5/2012,6.77,22045,22083,182314,1234266,9810
7/6/2012,6.73449,21962,22262,196755,1325048,9040
7/7/2012,6.75,26129,26033,161188,1088019,14510
7/8/2012,6.87,21697,22403,128521,882941,9430
7/9/2012,6.896,25293,24678,186360,1285140,11763
7/10/2012,7.239,33442,30219,242267,1753773,14246
7/11/2012,7.257,30165,27370,207265,1504121,12615
7/12/2012,7.32,26493,27972,241779,1769822,14697
7/13/2012,7.9,23441,24266,317339,2506981,12350
7/14/2012,7.68891,25417,24426,303924,2336841,12884
7/15/2012,7.64877,25886,24339,147666,1129465,11592
7/16/2012,8.2899,30561,28370,200425,1661502,12844
7/17/2012,9.49,34693,33380,411541,3905523,15487
7/18/2012,9.39899,30733,27537,293536,2758937,12178
7/19/2012,9.27491,31077,28008,184475,1710993,11907
7/20/2012,9.23355,35383,28822,248806,2297359,14054
7/21/2012,9.7,37598,31248,228266,2214183,15534
7/22/2012,9,29975,28132,138685,1248162,14140
7/23/2012,9.2,35901,35299,199654,1836816,16661
7/24/2012,8.96,29945,29817,226600,2030337,13590
7/25/2012,8.76998,29127,26521,194555,1706245,12520
7/26/2012,8.9,30652,25872,240324,2138884,11679
7/27/2012,8.95,26430,25871,166097,1486569,11409
7/28/2012,8.93,33187,31154,137658,1229283,13877
7/29/2012,8.889,32788,26862,130737,1162119,11560
7/30/2012,9.15,38204,30168,155640,1424102,12841
7/31/2012,9.44,36163,37314,303817,2868033,17125
8/1/2012,9.54,34163,38959,272382,2598526,19265
8/2/2012,9.8,32475,32741,269419,2640306,15940
8/3/2012,11.1188,29356,29197,266316,2961118,14353
8/4/2012,11.3,28166,28179,168603,1905218,14929
8/5/2012,11.1869,32003,28698,142755,1596988,14289
8/6/2012,11.29112,35960,33954,178831,2019206,16066
8/7/2012,11.04,28636,32197,191484,2113987,15311
8/8/2012,11.14999,38855,35918,199337,2222610,15584
8/9/2012,12,33117,34940,240172,2882069,17203
8/10/2012,11.6,27362,29288,215118,2495365,13744
8/11/2012,11.59788,29979,27985,145931,1692485,14504
8/12/2012,11.765,33751,30165,96764,1138427,13544
8/13/2012,11.86999,49678,41509,178245,2115763,17359
8/14/2012,12.17887,37605,34362,242063,2948053,15625
8/15/2012,12.67,49070,36444,176892,2241220,14623
8/16/2012,13.84119,49165,47362,202852,2807712,24016
8/17/2012,15.4,40897,45775,217005,3341881,24384
8/18/2012,15.26014,38770,41427,270117,4122017,21654
8/19/2012,12,35022,32820,363658,4363895,15125
8/20/2012,10.5,36248,34086,676367,7101858,16526
8/21/2012,10.29999,40494,40498,305513,3146783,20181
8/22/2012,10.26,40634,39189,364458,3739342,18214
8/23/2012,10.25,31765,34809,258871,2653433,17998
8/24/2012,10.25,30969,34511,216717,2221345,16858
8/25/2012,10.25,35491,33067,238920,2448928,16349
8/26/2012,10.61913,30525,28168,185106,1965667,13218
8/27/2012,12.14999,31308,30516,276594,3360610,13886
8/28/2012,11.3807,30838,32138,227807,2592608,13004
8/29/2012,11.20999,33804,32378,244092,2736266,14746
8/30/2012,10.937,31360,26377,228491,2499010,11985
8/31/2012,10.8359,41495,37505,380184,4119638,17644
9/1/2012,10.42,41940,39715,154330,1608122,17915
9/2/2012,10.18999,31268,28708,132180,1346909,12876
9/3/2012,10.5,41066,29237,172793,1814324,11035
9/4/2012,10.5934,36940,31358,237414,2515021,13845
9/5/2012,10.57888,41414,33850,213132,2254698,18091
9/6/2012,11.17,44218,38202,290474,3244591,18971
9/7/2012,11.29,32477,31911,192472,2173004,14172
9/8/2012,11.21,34359,30088,177489,1989655,14571
9/9/2012,11.14288,30076,33631,342560,3817108,16682
9/10/2012,11.127,32055,28826,419036,4662617,13070
9/11/2012,11.19401,37813,36043,301434,3374251,17020
9/12/2012,11.3789,30406,29944,260429,2963400,14144
9/13/2012,11.399,27899,27663,260319,2967379,11895
9/14/2012,11.75,35146,30426,210766,2476499,13742
9/15/2012,11.799,30340,26871,231822,2735262,12227
9/16/2012,11.99,27351,24913,137402,1647449,12147
9/17/2012,11.9625,25423,26956,225829,2701483,10959
9/18/2012,12.09,31313,31239,274038,3313121,15389
9/19/2012,12.61,32119,32351,227880,2873566,14791
9/20/2012,12.68666,33825,41220,254127,3224024,19581
9/21/2012,12.57001,29957,29455,525866,6610138,11288
9/22/2012,12.4433,23847,22976,243919,3035155,9793
9/23/2012,12.2749,24195,22048,126179,1548832,9666
9/24/2012,12.29888,31279,26499,247280,3041262,10956
9/25/2012,12.22909,23775,31768,244492,2989918,14267
9/26/2012,12.28,31886,37569,226977,2787273,17149
9/27/2012,12.46,30194,32067,235517,2934548,14743
9/28/2012,12.444,29898,35047,230155,2864045,15500
9/29/2012,12.49,26409,29803,222570,2779902,14659
9/30/2012,12.47499,21143,25781,174828,2180976,10923
10/1/2012,12.481,23803,29541,188155,2348368,11519
10/2/2012,12.88,28543,35169,272016,3503564,16178
10/3/2012,12.8999,32185,35365,255434,3295078,17396
10/4/2012,13.0899,29518,35434,254159,3326917,13971
10/5/2012,12.99,34409,34539,246700,3204631,13428
10/6/2012,12.89999,35662,34398,136053,1755079,12837
10/7/2012,12.7369,31676,30653,127319,1621647,10769
10/8/2012,12.08,38366,37625,220545,2664183,12381
10/9/2012,12.35,35903,37794,204871,2530153,13556
10/10/2012,12.15,32255,37830,202675,2462495,13793
10/11/2012,12.19,30081,32004,211860,2582575,12830
10/12/2012,12.15,24200,32832,213517,2594235,12759
10/13/2012,12.137,37278,33228,143965,1747304,11896
10/14/2012,12,26981,30494,135676,1628110,11292
10/15/2012,12.03,29690,32370,175309,2108961,12819
10/16/2012,11.99,33464,31951,227634,2729326,11170
10/17/2012,11.99,32774,33554,221982,2661559,14001
10/18/2012,11.95998,28432,34489,225076,2691907,15831
10/19/2012,11.967,28470,32236,210598,2520223,15925
10/20/2012,11.85,27673,31187,277981,3294074,13221
10/21/2012,11.7965,39774,31535,173373,2045200,10099
10/22/2012,11.81,35647,29410,210153,2481903,11309
10/23/2012,12,40115,33577,273353,3280239,11065
10/24/2012,11.82,33568,33269,320028,3782726,13051
10/25/2012,11.71,28126,27911,321376,3763313,13507
10/26/2012,11.09988,22540,29737,237575,2637059,14119
10/27/2012,10.83883,17488,22726,241165,2613942,10193
10/28/2012,10.61,17381,21318,149397,1585098,9684
10/29/2012,10.95,19144,21429,155312,1700662,9132
10/30/2012,10.85,29930,26964,304336,3302043,10283
10/31/2012,11.14,28602,26412,260353,2900332,11052
11/1/2012,11.279,25458,23811,274300,3093832,10798
11/2/2012,11.20999,27498,26334,235310,2637823,10659
11/3/2012,10.60097,25264,26548,153402,1626210,10924
11/4/2012,10.68,22692,22368,102985,1099878,9749
11/5/2012,10.9,32202,27968,181095,1973936,10567
11/6/2012,10.88997,28059,28560,201166,2190693,10920
11/7/2012,11.21603,37442,34011,209071,2344945,11827
11/8/2012,11.0979,34985,30564,221364,2456673,11568
11/9/2012,11.07,26851,28883,188746,2089416,11887
11/10/2012,10.95899,26595,24961,116385,1275458,9579
11/11/2012,10.939,23728,21483,70782,774285,8034
11/12/2012,11.18,24652,26835,141148,1578038,9917
11/13/2012,11.129,24841,23713,129323,1439238,8730
11/14/2012,11.05,29221,27765,138495,1530369,10812
11/15/2012,11.114,37743,34437,197617,2196316,14065
11/16/2012,11.8,37286,33886,352938,4164666,14490
11/17/2012,11.8,34273,45125,240582,2838866,13024
11/18/2012,11.832,33144,32677,186303,2204342,12068
11/19/2012,11.79998,35160,34545,261419,3084743,13280
11/20/2012,11.84,37561,34632,188673,2233887,15176
11/21/2012,11.784,41245,34618,180767,2130162,13212
11/22/2012,12.28,32931,32823,190136,2334865,16258
11/23/2012,12.43,31482,26731,129408,1608539,12904
11/24/2012,12.4108,29169,27215,170373,2114460,13240
11/25/2012,12.6,34821,27411,110521,1392564,11684
11/26/2012,12.6515,34810,28774,176997,2239279,12092
11/27/2012,12.52999,29528,31418,241122,3021259,14646
11/28/2012,12.40712,36521,33542,224703,2787916,13328
11/29/2012,12.599,39050,32816,187947,2367943,13391
11/30/2012,12.65,28363,27705,179558,2271404,12082
12/1/2012,12.68778,37722,29164,132458,1680602,11120
12/2/2012,12.68,20555,21186,118130,1497889,9125
12/3/2012,12.67901,22407,23333,196436,2490609,10100
12/4/2012,12.96675,28050,26758,218093,2827956,12567
12/5/2012,13.5,33176,32849,234930,3171557,15444
12/6/2012,13.6888,37201,29988,218965,2997371,13567
12/7/2012,13.68,32887,29236,215837,2952653,13165
12/8/2012,13.55,31857,29214,167651,2271669,12342
12/9/2012,13.53,32838,29112,117806,1593918,10725
12/10/2012,13.55,38474,26865,205376,2782848,11427
12/11/2012,13.63999,36341,28917,274580,3745266,13759
12/12/2012,13.63999,35322,30888,241682,3296536,15568
12/13/2012,13.79989,40260,33996,314719,4343094,16335
12/14/2012,13.90119,41397,33491,239227,3325537,15406
12/15/2012,13.7722,33526,27511,183552,2527910,12951
12/16/2012,13.66548,33989,28933,105971,1448144,12793
12/17/2012,13.498,40828,32044,201625,2721531,14148
12/18/2012,13.399,46590,38406,247528,3316622,17696
12/19/2012,13.399,49016,36002,236504,3168923,15338
12/20/2012,13.72,36133,30200,165379,2268999,13459
12/21/2012,13.6475,40658,32608,211096,2880933,14440
12/22/2012,13.58998,52012,43693,154215,2095778,17743
12/23/2012,13.48547,39228,32573,101679,1371186,13366
12/24/2012,13.45,37099,29026,156110,2099685,12433
12/25/2012,13.45,27560,25045,111224,1495956,10570
12/26/2012,13.3989,35740,24110,122188,1637184,10458
12/27/2012,13.47,43119,27812,155966,2100867,11786
12/28/2012,13.6499,47514,31561,174286,2378987,13903
12/29/2012,13.67,39248,30563,163625,2236756,13465
12/30/2012,13.56998,43751,35482,113709,1543025,13982
12/31/2012,13.59,34228,29019,182152,2475450,12771
1/1/2013,13.561,28620,26713,118193,1602809,13402
1/2/2013,13.4,38986,33739,238887,3201079,16168
1/3/2013,13.464,41413,38262,157948,2126607,16346
1/4/2013,13.48986,49926,37428,215143,2902247,17197
1/5/2013,13.548,38931,41926,196090,2656625,17779
1/6/2013,13.52999,34519,33185,142261,1924788,14541
1/7/2013,13.535,40860,39233,167054,2261081,18022
1/8/2013,13.83,35390,36996,237421,3283526,17221
1/9/2013,13.87998,43335,40935,259737,3605151,18713
1/10/2013,14.32,51393,43702,228352,3269999,18709
1/11/2013,14.29999,54662,48496,212328,3036287,21245
1/12/2013,14.34999,46836,37486,172918,2481379,16558
1/13/2013,14.3148,46837,40823,167325,2395221,17011
1/14/2013,14.3,43799,32734,179173,2562176,11426
1/15/2013,14.47899,45653,46112,237188,3434237,18759
1/16/2013,14.689,52197,45312,238407,3501965,20191
1/17/2013,15.39,48021,42042,274678,4227298,18105
1/18/2013,15.985,50896,44445,245541,3924975,19672
1/19/2013,15.84304,56455,38673,169197,2680590,17361
1/20/2013,15.89,41636,34725,123269,1958748,15391
1/21/2013,16.98,41357,32882,191390,3249803,15064
1/22/2013,17.59,40199,37266,263059,4627210,17717
1/23/2013,17.5889,48267,36782,300130,5278948,15651
1/24/2013,19.18999,46607,39004,325163,6239882,18013
1/25/2013,18.8348,46045,39799,268574,5058533,17648
1/26/2013,17.61926,53420,40491,245015,4316975,18217
1/27/2013,17.99999,53451,40004,159274,2866938,15097
1/28/2013,18.45,52321,42353,205433,3790244,15489
1/29/2013,19.8,53617,41643,403577,7990832,16871
1/30/2013,19.7,45810,36938,295506,5821471,15673
1/31/2013,21.43,46104,34477,368120,7888807,16151
2/1/2013,21.3,56756,47420,367158,7820473,18857
2/2/2013,21.1,58834,45504,326136,6881472,17195
2/3/2013,20.68,56212,41758,179644,3715043,16063
2/4/2013,21.05,57480,41685,186739,3930857,17793
2/5/2013,20.79,53445,48193,264011,5488783,23339
2/6/2013,21.3339,44783,42634,281895,6013928,19292
2/7/2013,22.15,58215,44112,269457,5968476,20165
2/8/2013,22.15,65928,46037,229395,5081092,20339
2/9/2013,23.69997,50847,39368,178194,4223189,18145
2/10/2013,23.61458,57363,45554,175246,4138363,19130
2/11/2013,24.1955,58835,41240,182959,4426788,17980
2/12/2013,25.76997,58851,41227,274003,7061048,18044
2/13/2013,26.09999,57398,40152,285150,7442413,16306
2/14/2013,26.53092,53849,39268,260520,6911848,16938
2/15/2013,26.99898,57505,39955,344516,9301568,17621
2/16/2013,27.07009,51218,37901,175740,4757302,15288
2/17/2013,25.6083,50400,36500,236938,6067576,14025
2/18/2013,26.81565,46318,36918,242323,6498036,16948
2/19/2013,28.78999,55598,39259,244979,7052943,17024
2/20/2013,29.81231,57613,39597,291622,8693920,18246
2/21/2013,29.80012,58996,42228,253356,7550047,17319
2/22/2013,30.901,58920,43549,258377,7984098,18214
2/23/2013,29.27998,59386,41330,234715,6872440,17264
2/24/2013,30.29777,57795,41919,281188,8519378,16542
2/25/2013,30.25001,65164,43083,309019,9347841,18072
2/26/2013,31.179,62005,45961,272968,8510870,19560
2/27/2013,31.40181,62952,44197,221600,6958644,18801
2/28/2013,33.50001,60993,43778,299563,10035372,18805
3/1/2013,34.87799,65797,51127,316864,11051582,21543
3/2/2013,34.1808,60659,40918,254575,8701573,17076
3/3/2013,34.10007,49631,34273,114778,3913950,12171
3/4/2013,36.35,64257,40375,193638,7038733,15521
3/5/2013,40.04,56039,45553,289132,11576858,19584
3/6/2013,47.5,66437,52412,347388,16500940,22597
3/7/2013,42.49271,62423,51281,335040,14236746,21897
3/8/2013,42.98,64814,48391,237957,10227395,20883
3/9/2013,46.01112,47671,41355,163027,7501033,17031
3/10/2013,46.5,71330,45331,150118,6980508,21134
3/11/2013,47.7397,67610,42498,190216,9080832,16726
3/12/2013,45.01771,44410,39137,239629,10787528,16241
3/13/2013,46.79999,56177,54264,275857,12910091,21106
3/14/2013,47.27589,58832,47557,237724,11238606,20062
3/15/2013,47.25005,60064,51067,226170,10686563,21269
3/16/2013,47.11,43349,42592,160162,7545209,18441
3/17/2013,47.4419,34164,41008,132482,6285177,17045
3/18/2013,47.65,39391,42920,196394,9358180,18909
3/19/2013,57.76,48705,52355,325116,18778701,24456
3/20/2013,63.40967,42579,49153,291099,18458516,22644
3/21/2013,73.8,53840,51230,278802,20575585,23399
3/22/2013,71.5,60129,58318,304877,21798712,26586
3/23/2013,63,58002,50716,240706,15164498,21877
3/24/2013,70.1,49834,57950,181828,12746163,24640
3/25/2013,73.88798,51011,51092,280494,20725155,25239
3/26/2013,78,47247,56598,266716,20803865,24202
3/27/2013,88.9,51993,56615,255955,22754365,27533
3/28/2013,93.56701,57170,65540,295981,27694065,33404
3/29/2013,89.05,66205,69638,308497,27471685,30644
3/30/2013,90.99999,59787,60390,247269,22501470,27512
3/31/2013,92.50001,44586,49192,134107,12404884,19301
4/1/2013,102.51001,52469,55367,184951,18959344,22308
4/2/2013,108.73,60268,70819,405801,44122791,31188
4/3/2013,138.79,65172,85804,387081,53722991,35082
4/4/2013,131.99899,69048,86046,368179,48599278,37589
4/5/2013,143.8,56063,82343,243990,35085713,35283
4/6/2013,142.49765,57200,68732,190632,27164658,28026
4/7/2013,160.0997,58820,74149,165900,26560533,24956
4/8/2013,184,63470,93700,289590,53284490,33537
4/9/2013,237.99,61429,85063,342542,81521567,41695
4/10/2013,198,68820,102016,550847,109067655,51424
4/11/2013,123.40098,67725,100830,668929,82546454,49068
4/12/2013,76.488,60395,87352,488570,37369768,38277
4/13/2013,109.49999,55361,72076,291709,31942149,30788
4/14/2013,91,53417,57080,184965,16831788,23683
4/15/2013,91,55211,80731,227880,20737112,26799
4/16/2013,91,65797,79311,551345,50172395,33656
4/17/2013,85.59999,56164,84698,319316,27333438,33585
4/18/2013,96.5,52605,72737,263180,25396871,28758
4/19/2013,119.62,57863,87326,274850,32877531,35919
4/20/2013,123.86,48016,61190,172932,21419354,26508
4/21/2013,125,45154,59238,152132,19016504,24490
4/22/2013,123.515,46737,77777,155334,19186064,27482
4/23/2013,136.08099,57304,72900,178285,24261219,31435
4/24/2013,153.20019,67982,85420,250437,38367051,33651
4/25/2013,151.12001,61214,73729,258174,39015200,31385
4/26/2013,135.601,56533,74621,252280,34209360,28596
4/27/2013,128.00001,48325,62711,220611,28238248,24631
4/28/2013,135.98999,40986,107554,166225,22604933,22747
4/29/2013,141.50002,50009,73687,290789,41146625,26969
4/30/2013,139.109,48795,60887,231312,32177596,23008
5/1/2013,124.2998,50437,61672,264302,32852709,21859
5/2/2013,105.00003,57278,67744,313279,32894260,25060
5/3/2013,93.15,55859,70210,371820,34635058,24258
5/4/2013,111.98979,48349,56115,169220,18950865,15849
5/5/2013,117.89001,49419,55974,185945,21921071,18836
5/6/2013,120.94999,51244,64381,269779,32629783,21881
5/7/2013,106.81,59215,89457,454666,48562835,25195
5/8/2013,113.95001,47359,95352,324744,37004568,22722
5/9/2013,109.56154,66370,70728,166499,18241861,22748
5/10/2013,117.68,67937,72244,197384,23228110,22915
5/11/2013,115.4,70410,67240,206828,23867944,19032
5/12/2013,114.32,69320,61435,212122,24249742,16877
5/13/2013,117.50298,62190,65440,261860,30769361,20668
5/14/2013,119,63287,68323,197623,23517128,23849
5/15/2013,114.98499,66411,70212,286208,32909614,25684
5/16/2013,115.09024,60543,67246,214135,24644887,24521
5/17/2013,124.49,60896,64560,177897,22146420,24207
5/18/2013,123.74995,51982,55716,214501,26544450,20309
5/19/2013,121.05628,47090,51111,115291,13956677,19749
5/20/2013,122.65001,50093,56966,120053,14724449,22777
5/21/2013,122.5,54664,63976,148941,18245244,25660
5/22/2013,122.64,53981,65369,138219,16951150,26152
5/23/2013,125.67,54824,65171,137576,17289155,27526
5/24/2013,131.5,55106,67558,139596,18356907,28039
5/25/2013,132.69,55836,60147,243635,32327914,23535
5/26/2013,134.04701,39879,52307,69528,9320070,21271
5/27/2013,132.60997,52377,59395,90813,12042696,23661
5/28/2013,128.321,55138,56871,170466,21874406,23687
5/29/2013,129.97994,54919,66689,151156,19647286,28068
5/30/2013,130.99589,57170,63212,152657,19997417,26280
5/31/2013,127.34072,57616,62386,169807,21623319,26683
6/1/2013,129.19945,52390,59033,95938,12395126,24103
6/2/2013,120.60293,51011,50677,113861,13732010,22606
6/3/2013,120.00002,52048,58321,180238,21628549,24941
6/4/2013,120.56663,60118,63518,219563,26471944,27822
6/5/2013,122.4051,54947,67477,168716,20651649,25005
6/6/2013,120.68998,55918,60098,160890,19417857,26355
6/7/2013,110.29501,54331,60504,236003,26030000,26956
6/8/2013,107.8,47973,51054,139005,14984729,23628
6/9/2013,98.47045,46237,45062,230002,22648423,20874
6/10/2013,104.96851,42406,48672,160359,16832628,20842
6/11/2013,108,51208,57169,144557,15612162,23435
6/12/2013,108.16201,46417,52722,174424,18866053,21829
6/13/2013,109,43302,53645,133983,14604148,22731
6/14/2013,100,48124,60855,192238,19223831,26318
6/15/2013,101.96998,41531,52008,140122,14288249,21820
6/16/2013,100,40076,37955,103444,10344407,17331
6/17/2013,100.52521,43399,45693,119282,11990884,20823
6/18/2013,107.38999,47025,48967,145327,15606614,23060
6/19/2013,107.835,46903,55778,139175,15007887,25363
6/20/2013,111.97,49440,54530,148692,16649030,26110
6/21/2013,111,52994,58295,183146,20329253,26124
6/22/2013,109.09,42571,49708,106738,11644047,21725
6/23/2013,107.68389,40634,41462,103163,11109021,18176
6/24/2013,101.96936,40963,48326,156809,15989704,21731
6/25/2013,103.86665,45588,50770,145328,15094720,24761
6/26/2013,104.40565,45576,54518,157625,16456918,26083
6/27/2013,102.79001,46797,51936,139117,14299838,24642
6/28/2013,96.63498,48324,53524,170202,16447434,26049
6/29/2013,95.85301,38973,55499,135258,12964841,23582
6/30/2013,96.5,32994,41271,104101,10045760,19418
7/1/2013,90.998,34053,49206,213572,19434635,24132
7/2/2013,89.55,43264,56769,259765,23261933,29897
7/3/2013,82.8,35351,53642,265226,21960699,25772
7/4/2013,79.8,34560,53347,325847,26002624,26072
7/5/2013,67.85844,36291,47699,341562,23177881,22371
7/6/2013,69.34602,36979,46957,251121,17414209,22442
7/7/2013,70.942,28865,37506,168843,11978031,17751
7/8/2013,77.64,36912,47647,189543,14716099,23017
7/9/2013,76.32791,41777,54846,317918,24266009,26014
7/10/2013,78.58899,39340,55835,324528,25504352,26227
7/11/2013,87.15,41040,56988,204001,17778689,29477
7/12/2013,97.8,50045,69663,329322,32207717,33605
7/13/2013,95.995,40313,57072,286971,27547753,25917
7/14/2013,94.75,34150,38740,170725,16176154,17858
7/15/2013,98.37516,36738,46589,150769,14831966,21696
7/16/2013,97.01,38784,53761,224314,21760724,25414
7/17/2013,97.97,39565,54355,365412,35799443,26051
7/18/2013,90.40001,41257,54308,330486,29875960,26252
7/19/2013,93.41082,38020,48100,284834,26606533,24346
7/20/2013,91.8775,33626,44457,134513,12358715,20022
7/21/2013,88.93999,36884,43487,129945,11557285,21519
7/22/2013,91.788,37257,46082,225427,20691502,22581
7/23/2013,95.396,39644,54206,308763,29454747,26067
7/24/2013,93.6216,39963,54521,236057,22100042,26436
7/25/2013,96.2,42304,51978,182577,17563939,26208
7/26/2013,96.39475,41428,55955,203642,19630053,27283
7/27/2013,95.20461,35987,42750,145738,13874934,21746
7/28/2013,99.00001,33111,37554,103149,10211710,18402
7/29/2013,101.04202,44260,54397,179860,18173457,26059
7/30/2013,101.89998,39998,55581,171115,17436596,27477
7/31/2013,104.95555,51919,69550,266412,27961374,33190
8/1/2013,104.19,45823,82370,238051,24802508,31082
8/2/2013,105.5,53174,84776,162858,17181525,33464
8/3/2013,103.80001,49065,53306,210348,21834152,25405
8/4/2013,104.67459,44605,46413,93768,9815157,20069
8/5/2013,106.4,47903,57924,155819,16579130,25760
8/6/2013,106.88378,52260,61468,162196,17336155,27933
8/7/2013,105.6,57225,64048,147509,15576999,28158
8/8/2013,101.9,57036,61019,148903,15173245,28577
8/9/2013,102.3,53241,57904,137914,14108590,25322
8/10/2013,102.61802,52040,52564,111034,11394087,23600
8/11/2013,103.85001,41059,43679,117767,12230093,19441
8/12/2013,104.99498,45811,70581,221672,23274432,26972
8/13/2013,107.29884,53484,75208,259010,27791492,33937
8/14/2013,100.03,50484,60659,188717,18877382,31864
8/15/2013,98.28,59029,66433,190242,18697013,32317
8/16/2013,98.51,68301,69457,160380,15799042,32164
8/17/2013,98.39,59253,58546,110864,10907886,28950
8/18/2013,99.02,53134,42791,99527,9855182,25868
8/19/2013,102.07,69938,65506,181610,18536967,29647
8/20/2013,104.59,66539,69460,208188,21774396,35551
8/21/2013,109.75,63416,70761,195695,21477580,37672
8/22/2013,111.01,62772,70737,174661,19389164,36344
8/23/2013,107.48,59969,68764,170997,18378747,33475
8/24/2013,108.79,51085,54649,113584,12356801,26813
8/25/2013,112.9,45094,48105,107014,12081887,24326
8/26/2013,111.8,53528,57471,140933,15756344,30444
8/27/2013,117.52,61016,71151,193941,22791972,36106
8/28/2013,119.25,63645,72494,197784,23585738,34926
8/29/2013,119.48,61525,67844,224655,26841830,31435
8/30/2013,124.79,60716,72629,159380,19889076,34527
8/31/2013,132.75,52533,82290,162106,21519530,33317
9/1/2013,130.82,45578,49046,147400,19282805,26841
9/2/2013,131.03,50456,52118,137701,18042932,26902
9/3/2013,130.45,50503,54757,160999,21002352,30669
9/4/2013,126.74,51136,58274,194433,24642441,32653
9/5/2013,124.51,60222,63542,204404,25450391,34115
9/6/2013,122.44,63412,57620,131014,16041319,32107
9/7/2013,120.15,54231,56635,114658,13776174,31590
9/8/2013,118.51,46470,43712,80679,9561309,23996
9/9/2013,121.66,54966,53474,126155,15348056,30883
9/10/2013,123.39,53551,55161,149243,18415039,32276
9/11/2013,124.1,49512,58672,140807,17474197,34339
9/12/2013,128.45,50982,65300,148500,19074833,38369
9/13/2013,128.29,48362,59829,136334,17490234,34331
9/14/2013,124.32,47147,48712,107594,13376036,28526
9/15/2013,125.46,46764,42924,78888,9897233,26254
9/16/2013,126.02,50391,52304,125190,15776423,30896
9/17/2013,127.56,66291,61057,137732,17569042,39338
9/18/2013,127.23,64383,65538,160918,20473633,40932
9/19/2013,124.1,59004,66398,219638,27257015,39197
9/20/2013,123.98,58990,65306,149123,18488248,38181
9/21/2013,123.5,53286,58758,110497,13646424,34090
9/22/2013,122.78,52686,53993,118593,14560795,31346
9/23/2013,123.02,60286,62037,161117,19820591,36553
9/24/2013,122.59,63563,65845,214766,26328188,39257
9/25/2013,124.18,58150,66539,179383,22275824,38729
9/26/2013,123.85,54262,63157,159702,19779074,36165
9/27/2013,125.6,50429,66494,163569,20544233,35852
9/28/2013,126.5,44660,60434,135469,17136806,31380
9/29/2013,128.1,41741,54587,145231,18604135,27570
9/30/2013,125.8,42073,61734,141721,17828454,31901
10/1/2013,127.11,55320,69975,223153,28365014,38224
10/2/2013,104.47,60542,77571,289452,30239027,41697
10/3/2013,116.95,61708,72720,336256,39325147,40323
10/4/2013,122,54796,64698,155104,18922680,34494
10/5/2013,121.51,47895,55710,98809,12006230,30759
10/6/2013,121.6,44751,48783,94605,11503951,25624
10/7/2013,123.6,43235,58652,179257,22156147,29687
10/8/2013,123.84,42865,60475,132690,16432370,33543
10/9/2013,126.08,46991,69133,179366,22614503,37909
10/10/2013,126.43,57769,65216,158062,19983783,35720
10/11/2013,126.84,54449,67974,157862,20023198,37291
10/12/2013,127.53,49674,58649,133267,16995587,32627
10/13/2013,129.74,51248,57180,101409,13156763,30745
10/14/2013,135.69,55763,74721,174267,23646333,35209
10/15/2013,139.24,57320,70171,180728,25164544,36557
10/16/2013,141.83,51947,74562,206046,29223572,38123
10/17/2013,143.33,45193,68607,178585,25596659,35040
10/18/2013,150.59,60446,69519,155113,23358500,41042
10/19/2013,165.05,54639,75457,197048,32522778,39230
10/20/2013,165.71,49864,64030,122202,20250117,32136
10/21/2013,177.07,58142,73341,174816,30954672,38865
10/22/2013,191.78,64906,89356,342553,65694823,46530
10/23/2013,199.95,54572,87179,242177,48423210,42459
10/24/2013,195.78,63265,88605,250762,49094202,45727
10/25/2013,172.81,59853,82770,342288,59150860,42554
10/26/2013,179.71,49353,67249,202784,36442233,33911
10/27/2013,189.06,44388,54418,107701,20361949,29248
10/28/2013,196.25,48635,63786,117492,23057843,33810
10/29/2013,202.09,51237,70275,279396,56463178,37180
10/30/2013,203.39,47911,77520,166682,33901509,38257
10/31/2013,201.61,56476,77578,148933,30026441,38330
11/1/2013,203.24,48306,72946,150389,30565132,35172
11/2/2013,204.15,41179,69196,123915,25297286,35405
11/3/2013,206.85,35815,63309,110533,22863735,30245
11/4/2013,225.1,42094,77104,196469,44225137,38105
11/5/2013,246.63,51134,93462,354719,87484315,45692
11/6/2013,258.23,55035,101631,256762,66303645,48130
11/7/2013,292.32,58631,104142,286822,83843917,53436
11/8/2013,325.56,59961,107930,324222,105553871,53555
11/9/2013,359.76,57804,108461,293020,105416918,53706
11/10/2013,296.91,57169,97886,225499,66953014,44425
11/11/2013,339.38,54558,86543,178583,60607336,43685
11/12/2013,353.95,58510,95747,227562,80545619,47464
11/13/2013,391.64,63151,100090,222271,87050364,50414
11/14/2013,416.5,70175,113020,278891,116157922,55346
11/15/2013,428.24,62100,97415,228579,97886473,49377
11/16/2013,433.53,51595,97096,223020,96685755,44669
11/17/2013,463,48041,86411,171719,79505918,40130
11/18/2013,583.16,73198,130894,314027,183128070,62423
11/19/2013,559.99,93322,170367,422741,236730492,85347
11/20/2013,595,77962,141505,319228,189940605,68498
11/21/2013,694.95,71024,124584,286052,198791940,62979
11/22/2013,761,76646,140082,656427,499540672,67033
11/23/2013,837.99,75165,134532,194443,162940983,65080
11/24/2013,833.16,60018,103353,226477,188691409,48388
11/25/2013,814,71937,117870,172010,140016164,59660
11/26/2013,844.9,80055,145494,284100,240035796,70090
11/27/2013,961,91169,164541,330498,317608977,84569
11/28/2013,1009,102010,180643,340885,343953164,93254
11/29/2013,1083.9,90409,160752,354564,384311701,83231
11/30/2013,1119.96,80868,150747,231938,259760762,73533
12/1/2013,970,67175,125448,187670,182040326,60993
12/2/2013,992.27,74324,144106,211331,209697774,69107
12/3/2013,1060,78202,149257,167336,177376636,71547
12/4/2013,1151,79738,150637,171009,196831253,72673
12/5/2013,1028.34,84995,164289,257229,264518423,78564
12/6/2013,894,71277,140744,310978,278014744,65994
12/7/2013,727.29,75125,143645,295482,214900776,68467
12/8/2013,722.99,49174,95996,191848,138704205,44746
12/9/2013,871,57289,127647,134361,117028786,54522
12/10/2013,936.98,67874,128388,171941,161105603,60291
12/11/2013,886.2,68381,129666,241261,213805669,60650
12/12/2013,845.75,59677,113825,109027,92209513,52084
12/13/2013,874,59827,120982,114589,100150993,53273
12/14/2013,864.7,55858,113263,114780,99249999,49995
12/15/2013,848.17,51885,103782,111669,94713899,47545
12/16/2013,709,63090,137337,168728,119628316,55908
12/17/2013,702.05,71588,139023,250861,176116882,65222
12/18/2013,576.16,81656,153222,342950,197594026,72197
12/19/2013,653,68814,134257,241540,157725900,61365
12/20/2013,660,69475,125004,200950,132627268,59648
12/21/2013,612.5,59140,110306,303669,185997244,49093
12/22/2013,637,51543,98559,154155,98196610,42166
12/23/2013,639.9,52033,105307,133031,85126834,44599
12/24/2013,647.27,56872,135360,128526,83190837,48384
12/25/2013,658.07,57077,120437,291199,191629375,48426
12/26/2013,734.42,48575,97504,91341,67082939,41891
12/27/2013,715.51,55170,115404,115259,82468968,47265
12/28/2013,701.61,47777,95474,83322,58459312,40251
12/29/2013,714.79,49031,93084,62200,44460011,39285
12/30/2013,739.1,56501,130692,120311,88921579,47703
12/31/2013,731,52382,108166,95976,70158423,46168
1/1/2014,746.9,41476,83356,75622,56482290,33615
1/2/2014,758.01,48424,103246,98661,74786333,42088
1/3/2014,806.21,63821,125864,185986,149943787,56609
1/4/2014,822.38,53978,103503,139407,114645823,46360
1/5/2014,896,55761,106688,149316,133786804,48192
1/6/2014,934.21,67597,152700,173887,162446589,60810
1/7/2014,867.38,62126,121152,116432,100990374,55247
1/8/2014,825.29,62884,129583,137885,113795265,54876
1/9/2014,809.17,58365,114730,80411,65065969,50585
1/10/2014,827.46,56746,112691,78286,64778158,49070
1/11/2014,891.85,56464,110670,96570,86125697,48956
1/12/2014,851,49308,98958,78299,66632838,42128
1/13/2014,807.83,54756,110334,90764,73322043,47705
1/14/2014,820.75,55579,133541,101282,83127606,49893
1/15/2014,847.7,60392,115087,130711,110803671,51861
1/16/2014,830.9,57592,110024,100072,83149937,49507
1/17/2014,793,58397,113632,87374,69287505,49353
1/18/2014,801.53,53290,95634,57770,46304309,44559
1/19/2014,833,49224,94782,60675,50541867,41926
1/20/2014,831.72,58819,144276,91252,75896120,51459
1/21/2014,822.56,71521,136930,138015,113525338,60315
1/22/2014,813.05,66358,131062,84824,68966379,58568
1/23/2014,813.02,63527,127975,90174,73313487,54998
1/24/2014,789.1,67893,127984,130890,103285252,59896
1/25/2014,806,55371,108098,79322,63933673,47710
1/26/2014,826.77,51630,107203,64465,53298115,46708
1/27/2014,777,60746,145032,115130,89455908,54299
1/28/2014,800.2,65687,135152,136676,109368243,61193
1/29/2014,803.6,61786,124466,68975,55428159,56814
1/30/2014,799.37,60919,129214,91651,73262665,55028
1/31/2014,802.5,61999,132531,65102,52244300,56107
2/1/2014,815.99,56840,123558,70974,57913745,49928
2/2/2014,819.57,50400,112877,57118,46812363,44893
2/3/2014,813.8,58901,152868,58470,47582831,51977
2/4/2014,809.05,65812,140333,104034,84169042,59270
2/5/2014,800,67952,139743,139551,111640436,61987
2/6/2014,778,69721,142991,211533,164572856,63671
2/7/2014,742.78,71870,143818,149224,110840650,65708
2/8/2014,707,64069,131014,74182,52446465,57888
2/9/2014,710,59284,112334,84875,60261573,52035
2/10/2014,665,67622,155591,120931,80418855,61163
2/11/2014,670,62872,121449,138945,93092900,58163
2/12/2014,667.01,62805,121999,103659,69141519,57000
2/13/2014,633.99,66888,130490,82661,52406364,59775
2/14/2014,672.1,76660,148377,146899,98731008,68712
2/15/2014,651.42,64107,127810,75412,49124756,56244
2/16/2014,623.5,56785,110198,99776,62210276,49055
2/17/2014,642,57119,114626,101620,65239818,50686
2/18/2014,626.77,68333,163002,118556,74307540,56983
2/19/2014,623.93,66351,142987,87129,54362624,60006
2/20/2014,582.7,71666,159962,100040,58293304,64353
2/21/2014,566.16,73513,165370,111906,63356449,68366
2/22/2014,603.98,59691,132542,81695,49342144,54022
2/23/2014,626.77,58632,142019,81802,51270901,52860
2/24/2014,545,68496,167219,167672,91381064,62894
2/25/2014,528,84004,208180,267984,141495378,78446
2/26/2014,585.38,71527,166920,134452,78705341,67156
2/27/2014,585.17,71447,164199,149621,87553882,65896
2/28/2014,577.97,71658,145830,125318,72429871,65066
3/1/2014,571.5,63344,151446,86680,49537454,58631
3/2/2014,559.88,59067,139563,72043,40335426,51845
3/3/2014,666.5,72585,187106,135819,90523620,66259
3/4/2014,677.61,85916,201394,194159,131564264,81198
3/5/2014,664.85,74178,180104,127743,84930239,67103
3/6/2014,657.02,71619,171560,123857,81376367,65401
3/7/2014,621.3,69559,154757,932110,579120211,64190
3/8/2014,609,71019,154394,465406,283432032,65178
3/9/2014,637.99,61289,155361,153560,97969813,57313
3/10/2014,621.99,66786,164890,539775,335734730,62687
3/11/2014,622.9,76086,152037,336488,209598664,70282
3/12/2014,642.1,76019,165460,299912,192573739,71056
3/13/2014,642.61,75356,165883,362390,232875394,70537
3/14/2014,636.47,68735,139218,221699,141104583,64770
3/15/2014,636.29,65898,128219,186813,118866966,61995
3/16/2014,634.94,58730,121995,59595,37839441,54118
3/17/2014,624.7,64937,140722,77204,48229573,60839
3/18/2014,627,57881,140518,89008,55808062,54393
3/19/2014,608.41,67419,130586,121138,73701335,58977
3/20/2014,590,72117,141026,139766,82461893,66537
3/21/2014,579.99,73981,155285,101104,58639586,65237
3/22/2014,557,69139,137388,75484,42044851,59547
3/23/2014,567.13,56822,131768,40010,22690905,50291
3/24/2014,572,67382,155589,81254,46477566,58580
3/25/2014,580.02,72484,145432,90031,52219750,62679
3/26/2014,585.7,69897,146464,80970,47424192,61896
3/27/2014,520.2,70940,158999,161691,84111765,63856
3/28/2014,503,69155,163425,171481,86254817,62709
3/29/2014,499.94,54949,126941,74420,37205615,49101
3/30/2014,449.02,55333,150155,96988,43549342,48085
3/31/2014,457,63096,137342,123573,56472760,55533
4/1/2014,479.51,64692,157020,123481,59210366,58911
4/2/2014,445,66756,152718,120557,53647756,60618
4/3/2014,446.31,67292,137224,153668,68583624,61707
4/4/2014,446.01,65578,144468,130875,58371398,57978
4/5/2014,451.84,59610,135497,117507,53094579,52975
4/6/2014,459.67,47456,163904,75337,34630202,41936
4/7/2014,447.74,62222,134360,82742,37046849,52081
4/8/2014,454.07,70101,148772,108270,49162338,60700
4/9/2014,443.1,64278,144875,88970,39422422,56118
4/10/2014,401,69074,165795,223775,89733920,60438
4/11/2014,427.99,66874,146801,203336,87025581,59613
4/12/2014,424.98,51907,124543,68321,29034998,46613
4/13/2014,405,49420,150009,51953,21041100,41475
4/14/2014,453.14,64331,146634,103636,46961656,56611
4/15/2014,489.91,74882,166401,124565,61025419,66559
4/16/2014,511.5,68402,142870,169283,86588452,63876
4/17/2014,495,67212,141012,134073,66366350,61076
4/18/2014,479.98,56600,123771,74168,35599110,50727
4/20/2014,500.19,49394,149260,47545,23781763,44112
4/21/2014,496.5,57961,124225,138023,68528229,53871
4/22/2014,493.33,73292,150856,84242,41559004,67711
4/23/2014,487.3,72147,134126,119218,58094721,68062
4/24/2014,491.6,67659,129810,75895,37310128,63037
4/25/2014,459.15,78038,157853,125984,57845456,72698
4/26/2014,463.88,58437,131955,79713,36977282,53756
4/27/2014,440.1,50392,147987,62028,27298328,45877
4/28/2014,447,62886,133142,105193,47021296,56792
4/29/2014,448.17,65101,143993,110362,48556031,59042
